,Date,Rent,Travel,Groceries,Subsriptions,Guilty Pleasures,Salery,Sponsor,Other Bussiness
0,1.5.2021,0.0,0.0,0.0,0.0,0.0,0.0,0.0,0.0
1,2.5.2021,0.0,0.0,0.0,0.0,0.0,0.0,0.0,0.0
2,3.5.2021,50.0,50.0,50.0,50.0,50.0,0.0,0.0,0.0
3,4.5.2021,0.0,0.0,0.0,0.0,0.0,0.0,0.0,0.0
4,5.5.2021,0.0,0.0,0.0,0.0,0.0,0.0,0.0,0.0
5,6.5.2021,0.0,0.0,0.0,0.0,0.0,0.0,0.0,0.0
6,7.5.2021,0.0,0.0,0.0,0.0,0.0,0.0,0.0,0.0
7,8.5.2021,0.0,0.0,0.0,0.0,0.0,0.0,0.0,0.0
8,9.5.2021,0.0,0.0,0.0,0.0,0.0,0.0,0.0,0.0
9,10.5.2021,0.0,0.0,0.0,0.0,0.0,0.0,0.0,0.0
10,11.5.2021,0.0,0.0,0.0,0.0,0.0,0.0,0.0,0.0
11,12.5.2021,0.0,0.0,0.0,0.0,0.0,0.0,0.0,0.0
12,13.5.2021,0.0,0.0,0.0,0.0,0.0,0.0,0.0,0.0
13,14.5.2021,0.0,0.0,0.0,0.0,0.0,0.0,0.0,0.0
14,15.5.2021,0.0,0.0,0.0,0.0,0.0,0.0,0.0,0.0
15,16.5.2021,0.0,0.0,0.0,0.0,0.0,0.0,0.0,0.0
16,17.5.2021,0.0,0.0,0.0,0.0,0.0,0.0,0.0,0.0
17,18.5.2021,0.0,0.0,0.0,0.0,0.0,0.0,0.0,0.0
18,19.5.2021,0.0,0.0,0.0,0.0,0.0,0.0,0.0,0.0
19,20.5.2021,0.0,0.0,0.0,0.0,0.0,0.0,0.0,0.0
20,21.5.2021,0.0,0.0,0.0,0.0,0.0,0.0,0.0,0.0
21,22.5.2021,0.0,0.0,0.0,0.0,0.0,0.0,0.0,0.0
22,23.5.2021,0.0,0.0,0.0,0.0,0.0,0.0,0.0,0.0
23,24.5.2021,0.0,0.0,0.0,0.0,0.0,0.0,0.0,0.0
24,25.5.2021,0.0,0.0,0.0,0.0,0.0,0.0,0.0,0.0
25,26.5.2021,0.0,0.0,0.0,0.0,0.0,0.0,0.0,0.0
26,27.5.2021,0.0,0.0,0.0,0.0,0.0,0.0,0.0,0.0
27,28.5.2021,0.0,0.0,0.0,0.0,0.0,0.0,0.0,0.0
28,29.5.2021,0.0,0.0,0.0,0.0,0.0,0.0,0.0,0.0
29,30.5.2021,0.0,0.0,0.0,0.0,0.0,0.0,0.0,0.0
30,31.5.2021,0.0,0.0,0.0,0.0,0.0,0.0,0.0,0.0
31,1.6.2021,0.0,0.0,0.0,0.0,0.0,0.0,0.0,0.0
32,2.6.2021,0.0,0.0,0.0,0.0,0.0,0.0,0.0,0.0
33,3.6.2021,0.0,0.0,0.0,0.0,0.0,0.0,0.0,0.0
34,4.6.2021,0.0,0.0,0.0,0.0,0.0,0.0,0.0,0.0
35,5.6.2021,0.0,0.0,0.0,0.0,0.0,0.0,0.0,0.0
36,6.6.2021,0.0,0.0,0.0,0.0,0.0,0.0,0.0,0.0
37,7.6.2021,0.0,0.0,0.0,0.0,0.0,0.0,0.0,0.0
38,8.6.2021,0.0,0.0,0.0,0.0,0.0,0.0,0.0,0.0
39,9.6.2021,0.0,0.0,0.0,0.0,0.0,0.0,0.0,0.0
40,10.6.2021,0.0,0.0,0.0,0.0,0.0,0.0,0.0,0.0
41,11.6.2021,0.0,0.0,0.0,0.0,0.0,0.0,0.0,0.0
42,12.6.2021,0.0,0.0,0.0,0.0,0.0,0.0,0.0,0.0
43,13.6.2021,0.0,0.0,0.0,0.0,0.0,0.0,0.0,0.0
44,14.6.2021,0.0,0.0,0.0,0.0,0.0,0.0,0.0,0.0
45,15.6.2021,0.0,0.0,0.0,0.0,0.0,0.0,0.0,0.0
46,16.6.2021,0.0,0.0,0.0,0.0,0.0,0.0,0.0,0.0
47,17.6.2021,0.0,0.0,0.0,0.0,0.0,0.0,0.0,0.0
48,18.6.2021,0.0,0.0,0.0,0.0,0.0,0.0,0.0,0.0
49,19.6.2021,0.0,0.0,0.0,0.0,0.0,0.0,0.0,0.0
50,20.6.2021,0.0,0.0,0.0,0.0,0.0,0.0,0.0,0.0
51,21.6.2021,0.0,0.0,0.0,0.0,0.0,0.0,0.0,0.0
52,22.6.2021,0.0,0.0,0.0,0.0,0.0,0.0,0.0,0.0
53,23.6.2021,0.0,0.0,0.0,0.0,0.0,0.0,0.0,0.0
54,24.6.2021,0.0,0.0,0.0,0.0,0.0,0.0,0.0,0.0
55,25.6.2021,0.0,0.0,0.0,0.0,0.0,0.0,0.0,0.0
56,26.6.2021,0.0,0.0,0.0,0.0,0.0,0.0,0.0,0.0
57,27.6.2021,0.0,0.0,0.0,0.0,0.0,0.0,0.0,0.0
58,28.6.2021,0.0,0.0,0.0,0.0,0.0,0.0,0.0,0.0
59,29.6.2021,0.0,0.0,0.0,0.0,0.0,0.0,0.0,0.0
60,30.6.2021,0.0,0.0,0.0,0.0,0.0,0.0,0.0,0.0
61,1.7.2021,0.0,0.0,0.0,0.0,0.0,0.0,0.0,0.0
62,2.7.2021,0.0,0.0,0.0,0.0,0.0,0.0,0.0,0.0
63,3.7.2021,0.0,0.0,0.0,0.0,0.0,0.0,0.0,0.0
64,4.7.2021,0.0,0.0,0.0,0.0,0.0,0.0,0.0,0.0
65,5.7.2021,0.0,0.0,0.0,0.0,0.0,0.0,0.0,0.0
66,6.7.2021,0.0,0.0,0.0,0.0,0.0,0.0,0.0,0.0
67,7.7.2021,0.0,0.0,0.0,0.0,0.0,0.0,0.0,0.0
68,8.7.2021,0.0,0.0,0.0,0.0,0.0,0.0,0.0,0.0
69,9.7.2021,0.0,0.0,0.0,0.0,0.0,0.0,0.0,0.0
70,10.7.2021,0.0,0.0,0.0,0.0,0.0,0.0,0.0,0.0
71,11.7.2021,0.0,0.0,0.0,0.0,0.0,0.0,0.0,0.0
72,12.7.2021,0.0,0.0,0.0,0.0,0.0,0.0,0.0,0.0
73,13.7.2021,0.0,0.0,0.0,0.0,0.0,0.0,0.0,0.0
74,14.7.2021,0.0,0.0,0.0,0.0,0.0,0.0,0.0,0.0
75,15.7.2021,0.0,0.0,0.0,0.0,0.0,0.0,0.0,0.0
76,16.7.2021,0.0,0.0,0.0,0.0,0.0,0.0,0.0,0.0
77,17.7.2021,0.0,0.0,0.0,0.0,0.0,0.0,0.0,0.0
78,18.7.2021,0.0,0.0,0.0,0.0,0.0,0.0,0.0,0.0
79,19.7.2021,0.0,0.0,0.0,0.0,0.0,0.0,0.0,0.0
80,20.7.2021,0.0,0.0,0.0,0.0,0.0,0.0,0.0,0.0
81,21.7.2021,0.0,0.0,0.0,0.0,0.0,0.0,0.0,0.0
82,22.7.2021,0.0,0.0,0.0,0.0,0.0,0.0,0.0,0.0
83,23.7.2021,0.0,0.0,0.0,0.0,0.0,0.0,0.0,0.0
84,24.7.2021,0.0,0.0,0.0,0.0,0.0,0.0,0.0,0.0
85,25.7.2021,0.0,0.0,0.0,0.0,0.0,0.0,0.0,0.0
86,26.7.2021,0.0,0.0,0.0,0.0,0.0,0.0,0.0,0.0
87,27.7.2021,0.0,0.0,0.0,0.0,0.0,0.0,0.0,0.0
88,28.7.2021,0.0,0.0,0.0,0.0,0.0,0.0,0.0,0.0
89,29.7.2021,0.0,0.0,0.0,0.0,0.0,0.0,0.0,0.0
90,30.7.2021,0.0,0.0,0.0,0.0,0.0,0.0,0.0,0.0
91,31.7.2021,0.0,0.0,0.0,0.0,0.0,0.0,0.0,0.0
92,1.8.2021,0.0,0.0,0.0,0.0,0.0,0.0,0.0,0.0
93,2.8.2021,0.0,0.0,0.0,0.0,0.0,0.0,0.0,0.0
94,3.8.2021,0.0,0.0,0.0,0.0,0.0,0.0,0.0,0.0
95,4.8.2021,0.0,0.0,0.0,0.0,0.0,0.0,0.0,0.0
96,5.8.2021,0.0,0.0,0.0,0.0,0.0,0.0,0.0,0.0
97,6.8.2021,0.0,0.0,0.0,0.0,0.0,0.0,0.0,0.0
98,7.8.2021,0.0,0.0,0.0,0.0,0.0,0.0,0.0,0.0
99,8.8.2021,0.0,0.0,0.0,0.0,0.0,0.0,0.0,0.0
100,9.8.2021,0.0,0.0,0.0,0.0,0.0,0.0,0.0,0.0
101,10.8.2021,0.0,0.0,0.0,0.0,0.0,0.0,0.0,0.0
102,11.8.2021,0.0,0.0,0.0,0.0,0.0,0.0,0.0,0.0
103,12.8.2021,0.0,0.0,0.0,0.0,0.0,0.0,0.0,0.0
104,13.8.2021,0.0,0.0,0.0,0.0,0.0,0.0,0.0,0.0
105,14.8.2021,0.0,0.0,0.0,0.0,0.0,0.0,0.0,0.0
106,15.8.2021,0.0,0.0,0.0,0.0,0.0,0.0,0.0,0.0
107,16.8.2021,0.0,0.0,0.0,0.0,0.0,0.0,0.0,0.0
108,17.8.2021,0.0,0.0,0.0,0.0,0.0,0.0,0.0,0.0
109,18.8.2021,0.0,0.0,0.0,0.0,0.0,0.0,0.0,0.0
110,19.8.2021,0.0,0.0,0.0,0.0,0.0,0.0,0.0,0.0
111,20.8.2021,0.0,0.0,0.0,0.0,0.0,0.0,0.0,0.0
112,21.8.2021,0.0,0.0,0.0,0.0,0.0,0.0,0.0,0.0
113,22.8.2021,0.0,0.0,0.0,0.0,0.0,0.0,0.0,0.0
114,23.8.2021,0.0,0.0,0.0,0.0,0.0,0.0,0.0,0.0
115,24.8.2021,0.0,0.0,0.0,0.0,0.0,0.0,0.0,0.0
116,25.8.2021,0.0,0.0,0.0,0.0,0.0,0.0,0.0,0.0
117,26.8.2021,0.0,0.0,0.0,0.0,0.0,0.0,0.0,0.0
118,27.8.2021,0.0,0.0,0.0,0.0,0.0,0.0,0.0,0.0
119,28.8.2021,0.0,0.0,0.0,0.0,0.0,0.0,0.0,0.0
120,29.8.2021,0.0,0.0,0.0,0.0,0.0,0.0,0.0,0.0
121,30.8.2021,0.0,0.0,0.0,0.0,0.0,0.0,0.0,0.0
122,31.8.2021,0.0,0.0,0.0,0.0,0.0,0.0,0.0,0.0
123,1.9.2021,0.0,0.0,0.0,0.0,0.0,0.0,0.0,0.0
124,2.9.2021,0.0,0.0,0.0,0.0,0.0,0.0,0.0,0.0
125,3.9.2021,0.0,0.0,0.0,0.0,0.0,0.0,0.0,0.0
126,4.9.2021,0.0,0.0,0.0,0.0,0.0,0.0,0.0,0.0
127,5.9.2021,0.0,0.0,0.0,0.0,0.0,0.0,0.0,0.0
128,6.9.2021,0.0,0.0,0.0,0.0,0.0,0.0,0.0,0.0
129,7.9.2021,0.0,0.0,0.0,0.0,0.0,0.0,0.0,0.0
130,8.9.2021,0.0,0.0,0.0,0.0,0.0,0.0,0.0,0.0
131,9.9.2021,0.0,0.0,0.0,0.0,0.0,0.0,0.0,0.0
132,10.9.2021,0.0,0.0,0.0,0.0,0.0,0.0,0.0,0.0
133,11.9.2021,0.0,0.0,0.0,0.0,0.0,0.0,0.0,0.0
134,12.9.2021,0.0,0.0,0.0,0.0,0.0,0.0,0.0,0.0
135,13.9.2021,0.0,0.0,0.0,0.0,0.0,0.0,0.0,0.0
136,14.9.2021,0.0,0.0,0.0,0.0,0.0,0.0,0.0,0.0
137,15.9.2021,0.0,0.0,0.0,0.0,0.0,0.0,0.0,0.0
138,16.9.2021,0.0,0.0,0.0,0.0,0.0,0.0,0.0,0.0
139,17.9.2021,0.0,0.0,0.0,0.0,0.0,0.0,0.0,0.0
140,18.9.2021,0.0,0.0,0.0,0.0,0.0,0.0,0.0,0.0
141,19.9.2021,0.0,0.0,0.0,0.0,0.0,0.0,0.0,0.0
142,20.9.2021,0.0,0.0,0.0,0.0,0.0,0.0,0.0,0.0
143,21.9.2021,0.0,0.0,0.0,0.0,0.0,0.0,0.0,0.0
144,22.9.2021,0.0,0.0,0.0,0.0,0.0,0.0,0.0,0.0
145,23.9.2021,0.0,0.0,0.0,0.0,0.0,0.0,0.0,0.0
146,24.9.2021,0.0,0.0,0.0,0.0,0.0,0.0,0.0,0.0
147,25.9.2021,0.0,0.0,0.0,0.0,0.0,0.0,0.0,0.0
148,26.9.2021,0.0,0.0,0.0,0.0,0.0,0.0,0.0,0.0
149,27.9.2021,0.0,0.0,0.0,0.0,0.0,0.0,0.0,0.0
150,28.9.2021,0.0,0.0,0.0,0.0,0.0,0.0,0.0,0.0
151,29.9.2021,0.0,0.0,0.0,0.0,0.0,0.0,0.0,0.0
152,30.9.2021,0.0,0.0,0.0,0.0,0.0,0.0,0.0,0.0
153,1.10.2021,0.0,0.0,0.0,0.0,0.0,0.0,0.0,0.0
154,2.10.2021,0.0,0.0,0.0,0.0,0.0,0.0,0.0,0.0
155,3.10.2021,0.0,0.0,0.0,0.0,0.0,0.0,0.0,0.0
156,4.10.2021,0.0,0.0,0.0,0.0,0.0,0.0,0.0,0.0
157,5.10.2021,0.0,0.0,0.0,0.0,0.0,0.0,0.0,0.0
158,6.10.2021,0.0,0.0,0.0,0.0,0.0,0.0,0.0,0.0
159,7.10.2021,0.0,0.0,0.0,0.0,0.0,0.0,0.0,0.0
160,8.10.2021,0.0,0.0,0.0,0.0,0.0,0.0,0.0,0.0
161,9.10.2021,0.0,0.0,0.0,0.0,0.0,0.0,0.0,0.0
162,10.10.2021,0.0,0.0,0.0,0.0,0.0,0.0,0.0,0.0
163,11.10.2021,0.0,0.0,0.0,0.0,0.0,0.0,0.0,0.0
164,12.10.2021,0.0,0.0,0.0,0.0,0.0,0.0,0.0,0.0
165,13.10.2021,0.0,0.0,0.0,0.0,0.0,0.0,0.0,0.0
166,14.10.2021,0.0,0.0,0.0,0.0,0.0,0.0,0.0,0.0
167,15.10.2021,0.0,0.0,0.0,0.0,0.0,0.0,0.0,0.0
168,16.10.2021,0.0,0.0,0.0,0.0,0.0,0.0,0.0,0.0
169,17.10.2021,0.0,0.0,0.0,0.0,0.0,0.0,0.0,0.0
170,18.10.2021,0.0,0.0,0.0,0.0,0.0,0.0,0.0,0.0
171,19.10.2021,0.0,0.0,0.0,0.0,0.0,0.0,0.0,0.0
172,20.10.2021,0.0,0.0,0.0,0.0,0.0,0.0,0.0,0.0
173,21.10.2021,0.0,0.0,0.0,0.0,0.0,0.0,0.0,0.0
174,22.10.2021,0.0,0.0,0.0,0.0,0.0,0.0,0.0,0.0
175,23.10.2021,0.0,0.0,0.0,0.0,0.0,0.0,0.0,0.0
176,24.10.2021,0.0,0.0,0.0,0.0,0.0,0.0,0.0,0.0
177,25.10.2021,0.0,0.0,0.0,0.0,0.0,0.0,0.0,0.0
178,26.10.2021,0.0,0.0,0.0,0.0,0.0,0.0,0.0,0.0
179,27.10.2021,0.0,0.0,0.0,0.0,0.0,0.0,0.0,0.0
180,28.10.2021,0.0,0.0,0.0,0.0,0.0,0.0,0.0,0.0
181,29.10.2021,0.0,0.0,0.0,0.0,0.0,0.0,0.0,0.0
182,30.10.2021,0.0,0.0,0.0,0.0,0.0,0.0,0.0,0.0
183,31.10.2021,0.0,0.0,0.0,0.0,0.0,0.0,0.0,0.0
184,1.11.2021,0.0,0.0,0.0,0.0,0.0,0.0,0.0,0.0
185,2.11.2021,0.0,0.0,0.0,0.0,0.0,0.0,0.0,0.0
186,3.11.2021,0.0,0.0,0.0,0.0,0.0,0.0,0.0,0.0
187,4.11.2021,0.0,0.0,0.0,0.0,0.0,0.0,0.0,0.0
188,5.11.2021,0.0,0.0,0.0,0.0,0.0,0.0,0.0,0.0
189,6.11.2021,0.0,0.0,0.0,0.0,0.0,0.0,0.0,0.0
190,7.11.2021,0.0,0.0,0.0,0.0,0.0,0.0,0.0,0.0
191,8.11.2021,0.0,0.0,0.0,0.0,0.0,0.0,0.0,0.0
192,9.11.2021,0.0,0.0,0.0,0.0,0.0,0.0,0.0,0.0
193,10.11.2021,0.0,0.0,0.0,0.0,0.0,0.0,0.0,0.0
194,11.11.2021,0.0,0.0,0.0,0.0,0.0,0.0,0.0,0.0
195,12.11.2021,0.0,0.0,0.0,0.0,0.0,0.0,0.0,0.0
196,13.11.2021,0.0,0.0,0.0,0.0,0.0,0.0,0.0,0.0
197,14.11.2021,0.0,0.0,0.0,0.0,0.0,0.0,0.0,0.0
198,15.11.2021,0.0,0.0,0.0,0.0,0.0,0.0,0.0,0.0
199,16.11.2021,0.0,0.0,0.0,0.0,0.0,0.0,0.0,0.0
200,17.11.2021,0.0,0.0,0.0,0.0,0.0,0.0,0.0,0.0
201,18.11.2021,0.0,0.0,0.0,0.0,0.0,0.0,0.0,0.0
202,19.11.2021,0.0,0.0,0.0,0.0,0.0,0.0,0.0,0.0
203,20.11.2021,0.0,0.0,0.0,0.0,0.0,0.0,0.0,0.0
204,21.11.2021,0.0,0.0,0.0,0.0,0.0,0.0,0.0,0.0
205,22.11.2021,0.0,0.0,0.0,0.0,0.0,0.0,0.0,0.0
206,23.11.2021,0.0,0.0,0.0,0.0,0.0,0.0,0.0,0.0
207,24.11.2021,0.0,0.0,0.0,0.0,0.0,0.0,0.0,0.0
208,25.11.2021,0.0,0.0,0.0,0.0,0.0,0.0,0.0,0.0
209,26.11.2021,0.0,0.0,0.0,0.0,0.0,0.0,0.0,0.0
210,27.11.2021,0.0,0.0,0.0,0.0,0.0,0.0,0.0,0.0
211,28.11.2021,0.0,0.0,0.0,0.0,0.0,0.0,0.0,0.0
212,29.11.2021,0.0,0.0,0.0,0.0,0.0,0.0,0.0,0.0
213,30.11.2021,0.0,0.0,0.0,0.0,0.0,0.0,0.0,0.0
214,1.12.2021,0.0,0.0,0.0,0.0,0.0,0.0,0.0,0.0
215,2.12.2021,0.0,0.0,0.0,0.0,0.0,0.0,0.0,0.0
216,3.12.2021,0.0,0.0,0.0,0.0,0.0,0.0,0.0,0.0
217,4.12.2021,0.0,0.0,0.0,0.0,0.0,0.0,0.0,0.0
218,5.12.2021,0.0,0.0,0.0,0.0,0.0,0.0,0.0,0.0
219,6.12.2021,0.0,0.0,0.0,0.0,0.0,0.0,0.0,0.0
220,7.12.2021,0.0,0.0,0.0,0.0,0.0,0.0,0.0,0.0
221,8.12.2021,0.0,0.0,0.0,0.0,0.0,0.0,0.0,0.0
222,9.12.2021,0.0,0.0,0.0,0.0,0.0,0.0,0.0,0.0
223,10.12.2021,0.0,0.0,0.0,0.0,0.0,0.0,0.0,0.0
224,11.12.2021,0.0,0.0,0.0,0.0,0.0,0.0,0.0,0.0
225,12.12.2021,0.0,0.0,0.0,0.0,0.0,0.0,0.0,0.0
226,13.12.2021,0.0,0.0,0.0,0.0,0.0,0.0,0.0,0.0
227,14.12.2021,0.0,0.0,0.0,0.0,0.0,0.0,0.0,0.0
228,15.12.2021,0.0,0.0,0.0,0.0,0.0,0.0,0.0,0.0
229,16.12.2021,0.0,0.0,0.0,0.0,0.0,0.0,0.0,0.0
230,17.12.2021,0.0,0.0,0.0,0.0,0.0,0.0,0.0,0.0
231,18.12.2021,0.0,0.0,0.0,0.0,0.0,0.0,0.0,0.0
232,19.12.2021,0.0,0.0,0.0,0.0,0.0,0.0,0.0,0.0
233,20.12.2021,0.0,0.0,0.0,0.0,0.0,0.0,0.0,0.0
234,21.12.2021,0.0,0.0,0.0,0.0,0.0,0.0,0.0,0.0
235,22.12.2021,0.0,0.0,0.0,0.0,0.0,0.0,0.0,0.0
236,23.12.2021,0.0,0.0,0.0,0.0,0.0,0.0,0.0,0.0
237,24.12.2021,0.0,0.0,0.0,0.0,0.0,0.0,0.0,0.0
238,25.12.2021,0.0,0.0,0.0,0.0,0.0,0.0,0.0,0.0
239,26.12.2021,0.0,0.0,0.0,0.0,0.0,0.0,0.0,0.0
240,27.12.2021,0.0,0.0,0.0,0.0,0.0,0.0,0.0,0.0
241,28.12.2021,0.0,0.0,0.0,0.0,0.0,0.0,0.0,0.0
242,29.12.2021,0.0,0.0,0.0,0.0,0.0,0.0,0.0,0.0
243,30.12.2021,0.0,0.0,0.0,0.0,0.0,0.0,0.0,0.0
244,31.12.2021,0.0,0.0,0.0,0.0,0.0,0.0,0.0,0.0
245,1.1.2022,0.0,0.0,0.0,0.0,0.0,0.0,0.0,0.0
246,2.1.2022,0.0,0.0,0.0,0.0,0.0,0.0,0.0,0.0
247,3.1.2022,0.0,0.0,0.0,0.0,0.0,0.0,0.0,0.0
248,4.1.2022,0.0,0.0,0.0,0.0,0.0,0.0,0.0,0.0
249,5.1.2022,0.0,0.0,0.0,0.0,0.0,0.0,0.0,0.0
250,6.1.2022,0.0,0.0,0.0,0.0,0.0,0.0,0.0,0.0
251,7.1.2022,0.0,0.0,0.0,0.0,0.0,0.0,0.0,0.0
252,8.1.2022,0.0,0.0,0.0,0.0,0.0,0.0,0.0,0.0
253,9.1.2022,0.0,0.0,0.0,0.0,0.0,0.0,0.0,0.0
254,10.1.2022,0.0,0.0,0.0,0.0,0.0,0.0,0.0,0.0
255,11.1.2022,0.0,0.0,0.0,0.0,0.0,0.0,0.0,0.0
256,12.1.2022,0.0,0.0,0.0,0.0,0.0,0.0,0.0,0.0
257,13.1.2022,0.0,0.0,0.0,0.0,0.0,0.0,0.0,0.0
258,14.1.2022,0.0,0.0,0.0,0.0,0.0,0.0,0.0,0.0
259,15.1.2022,0.0,0.0,0.0,0.0,0.0,0.0,0.0,0.0
260,16.1.2022,0.0,0.0,0.0,0.0,0.0,0.0,0.0,0.0
261,17.1.2022,0.0,0.0,0.0,0.0,0.0,0.0,0.0,0.0
262,18.1.2022,0.0,0.0,0.0,0.0,0.0,0.0,0.0,0.0
263,19.1.2022,0.0,0.0,0.0,0.0,0.0,0.0,0.0,0.0
264,20.1.2022,0.0,0.0,0.0,0.0,0.0,0.0,0.0,0.0
265,21.1.2022,0.0,0.0,0.0,0.0,0.0,0.0,0.0,0.0
266,22.1.2022,0.0,0.0,0.0,0.0,0.0,0.0,0.0,0.0
267,23.1.2022,0.0,0.0,0.0,0.0,0.0,0.0,0.0,0.0
268,24.1.2022,0.0,0.0,0.0,0.0,0.0,0.0,0.0,0.0
269,25.1.2022,0.0,0.0,0.0,0.0,0.0,0.0,0.0,0.0
270,26.1.2022,0.0,0.0,0.0,0.0,0.0,0.0,0.0,0.0
271,27.1.2022,0.0,0.0,0.0,0.0,0.0,0.0,0.0,0.0
272,28.1.2022,0.0,0.0,0.0,0.0,0.0,0.0,0.0,0.0
273,29.1.2022,0.0,0.0,0.0,0.0,0.0,0.0,0.0,0.0
274,30.1.2022,0.0,0.0,0.0,0.0,0.0,0.0,0.0,0.0
275,31.1.2022,0.0,0.0,0.0,0.0,0.0,0.0,0.0,0.0
276,1.2.2022,0.0,0.0,0.0,0.0,0.0,0.0,0.0,0.0
277,2.2.2022,0.0,0.0,0.0,0.0,0.0,0.0,0.0,0.0
278,3.2.2022,0.0,0.0,0.0,0.0,0.0,0.0,0.0,0.0
279,4.2.2022,0.0,0.0,0.0,0.0,0.0,0.0,0.0,0.0
280,5.2.2022,0.0,0.0,0.0,0.0,0.0,0.0,0.0,0.0
281,6.2.2022,0.0,0.0,0.0,0.0,0.0,0.0,0.0,0.0
282,7.2.2022,0.0,0.0,0.0,0.0,0.0,0.0,0.0,0.0
283,8.2.2022,0.0,0.0,0.0,0.0,0.0,0.0,0.0,0.0
284,9.2.2022,0.0,0.0,0.0,0.0,0.0,0.0,0.0,0.0
285,10.2.2022,0.0,0.0,0.0,0.0,0.0,0.0,0.0,0.0
286,11.2.2022,0.0,0.0,0.0,0.0,0.0,0.0,0.0,0.0
287,12.2.2022,0.0,0.0,0.0,0.0,0.0,0.0,0.0,0.0
288,13.2.2022,0.0,0.0,0.0,0.0,0.0,0.0,0.0,0.0
289,14.2.2022,0.0,0.0,0.0,0.0,0.0,0.0,0.0,0.0
290,15.2.2022,0.0,0.0,0.0,0.0,0.0,0.0,0.0,0.0
291,16.2.2022,0.0,0.0,0.0,0.0,0.0,0.0,0.0,0.0
292,17.2.2022,0.0,0.0,0.0,0.0,0.0,0.0,0.0,0.0
293,18.2.2022,0.0,0.0,0.0,0.0,0.0,0.0,0.0,0.0
294,19.2.2022,0.0,0.0,0.0,0.0,0.0,0.0,0.0,0.0
295,20.2.2022,0.0,0.0,0.0,0.0,0.0,0.0,0.0,0.0
296,21.2.2022,0.0,0.0,0.0,0.0,0.0,0.0,0.0,0.0
297,22.2.2022,0.0,0.0,0.0,0.0,0.0,0.0,0.0,0.0
298,23.2.2022,0.0,0.0,0.0,0.0,0.0,0.0,0.0,0.0
299,24.2.2022,0.0,0.0,0.0,0.0,0.0,0.0,0.0,0.0
300,25.2.2022,0.0,0.0,0.0,0.0,0.0,0.0,0.0,0.0
301,26.2.2022,0.0,0.0,0.0,0.0,0.0,0.0,0.0,0.0
302,27.2.2022,0.0,0.0,0.0,0.0,0.0,0.0,0.0,0.0
303,28.2.2022,0.0,0.0,0.0,0.0,0.0,0.0,0.0,0.0
304,1.3.2022,0.0,0.0,0.0,0.0,0.0,0.0,0.0,0.0
305,2.3.2022,0.0,0.0,0.0,0.0,0.0,0.0,0.0,0.0
306,3.3.2022,0.0,0.0,0.0,0.0,0.0,0.0,0.0,0.0
307,4.3.2022,0.0,0.0,0.0,0.0,0.0,0.0,0.0,0.0
308,5.3.2022,0.0,0.0,0.0,0.0,0.0,0.0,0.0,0.0
309,6.3.2022,0.0,0.0,0.0,0.0,0.0,0.0,0.0,0.0
310,7.3.2022,0.0,0.0,0.0,0.0,0.0,0.0,0.0,0.0
311,8.3.2022,0.0,0.0,0.0,0.0,0.0,0.0,0.0,0.0
312,9.3.2022,0.0,0.0,0.0,0.0,0.0,0.0,0.0,0.0
313,10.3.2022,0.0,0.0,0.0,0.0,0.0,0.0,0.0,0.0
314,11.3.2022,0.0,0.0,0.0,0.0,0.0,0.0,0.0,0.0
315,12.3.2022,0.0,0.0,0.0,0.0,0.0,0.0,0.0,0.0
316,13.3.2022,0.0,0.0,0.0,0.0,0.0,0.0,0.0,0.0
317,14.3.2022,0.0,0.0,0.0,0.0,0.0,0.0,0.0,0.0
318,15.3.2022,0.0,0.0,0.0,0.0,0.0,0.0,0.0,0.0
319,16.3.2022,0.0,0.0,0.0,0.0,0.0,0.0,0.0,0.0
320,17.3.2022,0.0,0.0,0.0,0.0,0.0,0.0,0.0,0.0
321,18.3.2022,0.0,0.0,0.0,0.0,0.0,0.0,0.0,0.0
322,19.3.2022,0.0,0.0,0.0,0.0,0.0,0.0,0.0,0.0
323,20.3.2022,0.0,0.0,0.0,0.0,0.0,0.0,0.0,0.0
324,21.3.2022,0.0,0.0,0.0,0.0,0.0,0.0,0.0,0.0
325,22.3.2022,0.0,0.0,0.0,0.0,0.0,0.0,0.0,0.0
326,23.3.2022,0.0,0.0,0.0,0.0,0.0,0.0,0.0,0.0
327,24.3.2022,0.0,0.0,0.0,0.0,0.0,0.0,0.0,0.0
328,25.3.2022,0.0,0.0,0.0,0.0,0.0,0.0,0.0,0.0
329,26.3.2022,0.0,0.0,0.0,0.0,0.0,0.0,0.0,0.0
330,27.3.2022,0.0,0.0,0.0,0.0,0.0,0.0,0.0,0.0
331,28.3.2022,0.0,0.0,0.0,0.0,0.0,0.0,0.0,0.0
332,29.3.2022,0.0,0.0,0.0,0.0,0.0,0.0,0.0,0.0
333,30.3.2022,0.0,0.0,0.0,0.0,0.0,0.0,0.0,0.0
334,31.3.2022,0.0,0.0,0.0,0.0,0.0,0.0,0.0,0.0
335,1.4.2022,0.0,0.0,0.0,0.0,0.0,0.0,0.0,0.0
336,2.4.2022,0.0,0.0,0.0,0.0,0.0,0.0,0.0,0.0
337,3.4.2022,0.0,0.0,0.0,0.0,0.0,0.0,0.0,0.0
338,4.4.2022,0.0,0.0,0.0,0.0,0.0,0.0,0.0,0.0
339,5.4.2022,0.0,0.0,0.0,0.0,0.0,0.0,0.0,0.0
340,6.4.2022,0.0,0.0,0.0,0.0,0.0,0.0,0.0,0.0
341,7.4.2022,0.0,0.0,0.0,0.0,0.0,0.0,0.0,0.0
342,8.4.2022,0.0,0.0,0.0,0.0,0.0,0.0,0.0,0.0
343,9.4.2022,0.0,0.0,0.0,0.0,0.0,0.0,0.0,0.0
344,10.4.2022,0.0,0.0,0.0,0.0,0.0,0.0,0.0,0.0
345,11.4.2022,0.0,0.0,0.0,0.0,0.0,0.0,0.0,0.0
346,12.4.2022,0.0,0.0,0.0,0.0,0.0,0.0,0.0,0.0
347,13.4.2022,0.0,0.0,0.0,0.0,0.0,0.0,0.0,0.0
348,14.4.2022,0.0,0.0,0.0,0.0,0.0,0.0,0.0,0.0
349,15.4.2022,0.0,0.0,0.0,0.0,0.0,0.0,0.0,0.0
350,16.4.2022,0.0,0.0,0.0,0.0,0.0,0.0,0.0,0.0
351,17.4.2022,0.0,0.0,0.0,0.0,0.0,0.0,0.0,0.0
352,18.4.2022,0.0,0.0,0.0,0.0,0.0,0.0,0.0,0.0
353,19.4.2022,0.0,0.0,0.0,0.0,0.0,0.0,0.0,0.0
354,20.4.2022,0.0,0.0,0.0,0.0,0.0,0.0,0.0,0.0
355,21.4.2022,0.0,0.0,0.0,0.0,0.0,0.0,0.0,0.0
356,22.4.2022,0.0,0.0,0.0,0.0,0.0,0.0,0.0,0.0
357,23.4.2022,0.0,0.0,0.0,0.0,0.0,0.0,0.0,0.0
358,24.4.2022,0.0,0.0,0.0,0.0,0.0,0.0,0.0,0.0
359,25.4.2022,0.0,0.0,0.0,0.0,0.0,0.0,0.0,0.0
360,26.4.2022,0.0,0.0,0.0,0.0,0.0,0.0,0.0,0.0
361,27.4.2022,0.0,0.0,0.0,0.0,0.0,0.0,0.0,0.0
362,28.4.2022,0.0,0.0,0.0,0.0,0.0,0.0,0.0,0.0
363,29.4.2022,0.0,0.0,0.0,0.0,0.0,0.0,0.0,0.0
364,30.4.2022,0.0,0.0,0.0,0.0,0.0,0.0,0.0,0.0
365,1.5.2022,0.0,0.0,0.0,0.0,0.0,0.0,0.0,0.0
366,2.5.2022,0.0,0.0,0.0,0.0,0.0,0.0,0.0,0.0
367,3.5.2022,0.0,0.0,0.0,0.0,0.0,0.0,0.0,0.0
368,4.5.2022,0.0,0.0,0.0,0.0,0.0,0.0,0.0,0.0
369,5.5.2022,0.0,0.0,0.0,0.0,0.0,0.0,0.0,0.0
370,6.5.2022,0.0,0.0,0.0,0.0,0.0,0.0,0.0,0.0
371,7.5.2022,0.0,0.0,0.0,0.0,0.0,0.0,0.0,0.0
372,8.5.2022,0.0,0.0,0.0,0.0,0.0,0.0,0.0,0.0
373,9.5.2022,0.0,0.0,0.0,0.0,0.0,0.0,0.0,0.0
374,10.5.2022,0.0,0.0,0.0,0.0,0.0,0.0,0.0,0.0
375,11.5.2022,0.0,0.0,0.0,0.0,0.0,0.0,0.0,0.0
376,12.5.2022,0.0,0.0,0.0,0.0,0.0,0.0,0.0,0.0
377,13.5.2022,0.0,0.0,0.0,0.0,0.0,0.0,0.0,0.0
378,14.5.2022,0.0,0.0,0.0,0.0,0.0,0.0,0.0,0.0
379,15.5.2022,0.0,0.0,0.0,0.0,0.0,0.0,0.0,0.0
380,16.5.2022,0.0,0.0,0.0,0.0,0.0,0.0,0.0,0.0
381,17.5.2022,0.0,0.0,0.0,0.0,0.0,0.0,0.0,0.0
382,18.5.2022,0.0,0.0,0.0,0.0,0.0,0.0,0.0,0.0
383,19.5.2022,0.0,0.0,0.0,0.0,0.0,0.0,0.0,0.0
384,20.5.2022,0.0,0.0,0.0,0.0,0.0,0.0,0.0,0.0
385,21.5.2022,0.0,0.0,0.0,0.0,0.0,0.0,0.0,0.0
386,22.5.2022,0.0,0.0,0.0,0.0,0.0,0.0,0.0,0.0
387,23.5.2022,0.0,0.0,0.0,0.0,0.0,0.0,0.0,0.0
388,24.5.2022,0.0,0.0,0.0,0.0,0.0,0.0,0.0,0.0
389,25.5.2022,0.0,0.0,0.0,0.0,0.0,0.0,0.0,0.0
390,26.5.2022,0.0,0.0,0.0,0.0,0.0,0.0,0.0,0.0
391,27.5.2022,0.0,0.0,0.0,0.0,0.0,0.0,0.0,0.0
392,28.5.2022,0.0,0.0,0.0,0.0,0.0,0.0,0.0,0.0
393,29.5.2022,0.0,0.0,0.0,0.0,0.0,0.0,0.0,0.0
394,30.5.2022,0.0,0.0,0.0,0.0,0.0,0.0,0.0,0.0
395,31.5.2022,0.0,0.0,0.0,0.0,0.0,0.0,0.0,0.0
396,1.6.2022,0.0,0.0,0.0,0.0,0.0,0.0,0.0,0.0
397,2.6.2022,0.0,0.0,0.0,0.0,0.0,0.0,0.0,0.0
398,3.6.2022,0.0,0.0,0.0,0.0,0.0,0.0,0.0,0.0
399,4.6.2022,0.0,0.0,0.0,0.0,0.0,0.0,0.0,0.0
400,5.6.2022,0.0,0.0,0.0,0.0,0.0,0.0,0.0,0.0
401,6.6.2022,0.0,0.0,0.0,0.0,0.0,0.0,0.0,0.0
402,7.6.2022,0.0,0.0,0.0,0.0,0.0,0.0,0.0,0.0
403,8.6.2022,0.0,0.0,0.0,0.0,0.0,0.0,0.0,0.0
404,9.6.2022,0.0,0.0,0.0,0.0,0.0,0.0,0.0,0.0
405,10.6.2022,0.0,0.0,0.0,0.0,0.0,0.0,0.0,0.0
406,11.6.2022,0.0,0.0,0.0,0.0,0.0,0.0,0.0,0.0
407,12.6.2022,0.0,0.0,0.0,0.0,0.0,0.0,0.0,0.0
408,13.6.2022,0.0,0.0,0.0,0.0,0.0,0.0,0.0,0.0
409,14.6.2022,0.0,0.0,0.0,0.0,0.0,0.0,0.0,0.0
410,15.6.2022,0.0,0.0,0.0,0.0,0.0,0.0,0.0,0.0
411,16.6.2022,0.0,0.0,0.0,0.0,0.0,0.0,0.0,0.0
412,17.6.2022,0.0,0.0,0.0,0.0,0.0,0.0,0.0,0.0
413,18.6.2022,0.0,0.0,0.0,0.0,0.0,0.0,0.0,0.0
414,19.6.2022,0.0,0.0,0.0,0.0,0.0,0.0,0.0,0.0
415,20.6.2022,0.0,0.0,0.0,0.0,0.0,0.0,0.0,0.0
416,21.6.2022,0.0,0.0,0.0,0.0,0.0,0.0,0.0,0.0
417,22.6.2022,0.0,0.0,0.0,0.0,0.0,0.0,0.0,0.0
418,23.6.2022,0.0,0.0,0.0,0.0,0.0,0.0,0.0,0.0
419,24.6.2022,0.0,0.0,0.0,0.0,0.0,0.0,0.0,0.0
420,25.6.2022,0.0,0.0,0.0,0.0,0.0,0.0,0.0,0.0
421,26.6.2022,0.0,0.0,0.0,0.0,0.0,0.0,0.0,0.0
422,27.6.2022,0.0,0.0,0.0,0.0,0.0,0.0,0.0,0.0
423,28.6.2022,0.0,0.0,0.0,0.0,0.0,0.0,0.0,0.0
424,29.6.2022,0.0,0.0,0.0,0.0,0.0,0.0,0.0,0.0
425,30.6.2022,0.0,0.0,0.0,0.0,0.0,0.0,0.0,0.0
426,1.7.2022,0.0,0.0,0.0,0.0,0.0,0.0,0.0,0.0
427,2.7.2022,0.0,0.0,0.0,0.0,0.0,0.0,0.0,0.0
428,3.7.2022,0.0,0.0,0.0,0.0,0.0,0.0,0.0,0.0
429,4.7.2022,0.0,0.0,0.0,0.0,0.0,0.0,0.0,0.0
430,5.7.2022,0.0,0.0,0.0,0.0,0.0,0.0,0.0,0.0
431,6.7.2022,0.0,0.0,0.0,0.0,0.0,0.0,0.0,0.0
432,7.7.2022,0.0,0.0,0.0,0.0,0.0,0.0,0.0,0.0
433,8.7.2022,0.0,0.0,0.0,0.0,0.0,0.0,0.0,0.0
434,9.7.2022,0.0,0.0,0.0,0.0,0.0,0.0,0.0,0.0
435,10.7.2022,0.0,0.0,0.0,0.0,0.0,0.0,0.0,0.0
436,11.7.2022,0.0,0.0,0.0,0.0,0.0,0.0,0.0,0.0
437,12.7.2022,0.0,0.0,0.0,0.0,0.0,0.0,0.0,0.0
438,13.7.2022,0.0,0.0,0.0,0.0,0.0,0.0,0.0,0.0
439,14.7.2022,0.0,0.0,0.0,0.0,0.0,0.0,0.0,0.0
440,15.7.2022,0.0,0.0,0.0,0.0,0.0,0.0,0.0,0.0
441,16.7.2022,0.0,0.0,0.0,0.0,0.0,0.0,0.0,0.0
442,17.7.2022,0.0,0.0,0.0,0.0,0.0,0.0,0.0,0.0
443,18.7.2022,0.0,0.0,0.0,0.0,0.0,0.0,0.0,0.0
444,19.7.2022,0.0,0.0,0.0,0.0,0.0,0.0,0.0,0.0
445,20.7.2022,0.0,0.0,0.0,0.0,0.0,0.0,0.0,0.0
446,21.7.2022,0.0,0.0,0.0,0.0,0.0,0.0,0.0,0.0
447,22.7.2022,0.0,0.0,0.0,0.0,0.0,0.0,0.0,0.0
448,23.7.2022,0.0,0.0,0.0,0.0,0.0,0.0,0.0,0.0
449,24.7.2022,0.0,0.0,0.0,0.0,0.0,0.0,0.0,0.0
450,25.7.2022,0.0,0.0,0.0,0.0,0.0,0.0,0.0,0.0
451,26.7.2022,0.0,0.0,0.0,0.0,0.0,0.0,0.0,0.0
452,27.7.2022,0.0,0.0,0.0,0.0,0.0,0.0,0.0,0.0
453,28.7.2022,0.0,0.0,0.0,0.0,0.0,0.0,0.0,0.0
454,29.7.2022,0.0,0.0,0.0,0.0,0.0,0.0,0.0,0.0
455,30.7.2022,0.0,0.0,0.0,0.0,0.0,0.0,0.0,0.0
456,31.7.2022,0.0,0.0,0.0,0.0,0.0,0.0,0.0,0.0
457,1.8.2022,0.0,0.0,0.0,0.0,0.0,0.0,0.0,0.0
458,2.8.2022,0.0,0.0,0.0,0.0,0.0,0.0,0.0,0.0
459,3.8.2022,0.0,0.0,0.0,0.0,0.0,0.0,0.0,0.0
460,4.8.2022,0.0,0.0,0.0,0.0,0.0,0.0,0.0,0.0
461,5.8.2022,0.0,0.0,0.0,0.0,0.0,0.0,0.0,0.0
462,6.8.2022,0.0,0.0,0.0,0.0,0.0,0.0,0.0,0.0
463,7.8.2022,0.0,0.0,0.0,0.0,0.0,0.0,0.0,0.0
464,8.8.2022,0.0,0.0,0.0,0.0,0.0,0.0,0.0,0.0
465,9.8.2022,0.0,0.0,0.0,0.0,0.0,0.0,0.0,0.0
466,10.8.2022,0.0,0.0,0.0,0.0,0.0,0.0,0.0,0.0
467,11.8.2022,0.0,0.0,0.0,0.0,0.0,0.0,0.0,0.0
468,12.8.2022,0.0,0.0,0.0,0.0,0.0,0.0,0.0,0.0
469,13.8.2022,0.0,0.0,0.0,0.0,0.0,0.0,0.0,0.0
470,14.8.2022,0.0,0.0,0.0,0.0,0.0,0.0,0.0,0.0
471,15.8.2022,0.0,0.0,0.0,0.0,0.0,0.0,0.0,0.0
472,16.8.2022,0.0,0.0,0.0,0.0,0.0,0.0,0.0,0.0
473,17.8.2022,0.0,0.0,0.0,0.0,0.0,0.0,0.0,0.0
474,18.8.2022,0.0,0.0,0.0,0.0,0.0,0.0,0.0,0.0
475,19.8.2022,0.0,0.0,0.0,0.0,0.0,0.0,0.0,0.0
476,20.8.2022,0.0,0.0,0.0,0.0,0.0,0.0,0.0,0.0
477,21.8.2022,0.0,0.0,0.0,0.0,0.0,0.0,0.0,0.0
478,22.8.2022,0.0,0.0,0.0,0.0,0.0,0.0,0.0,0.0
479,23.8.2022,0.0,0.0,0.0,0.0,0.0,0.0,0.0,0.0
480,24.8.2022,0.0,0.0,0.0,0.0,0.0,0.0,0.0,0.0
481,25.8.2022,0.0,0.0,0.0,0.0,0.0,0.0,0.0,0.0
482,26.8.2022,0.0,0.0,0.0,0.0,0.0,0.0,0.0,0.0
483,27.8.2022,0.0,0.0,0.0,0.0,0.0,0.0,0.0,0.0
484,28.8.2022,0.0,0.0,0.0,0.0,0.0,0.0,0.0,0.0
485,29.8.2022,0.0,0.0,0.0,0.0,0.0,0.0,0.0,0.0
486,30.8.2022,0.0,0.0,0.0,0.0,0.0,0.0,0.0,0.0
487,31.8.2022,0.0,0.0,0.0,0.0,0.0,0.0,0.0,0.0
488,1.9.2022,0.0,0.0,0.0,0.0,0.0,0.0,0.0,0.0
489,2.9.2022,0.0,0.0,0.0,0.0,0.0,0.0,0.0,0.0
490,3.9.2022,0.0,0.0,0.0,0.0,0.0,0.0,0.0,0.0
491,4.9.2022,0.0,0.0,0.0,0.0,0.0,0.0,0.0,0.0
492,5.9.2022,0.0,0.0,0.0,0.0,0.0,0.0,0.0,0.0
493,6.9.2022,0.0,0.0,0.0,0.0,0.0,0.0,0.0,0.0
494,7.9.2022,0.0,0.0,0.0,0.0,0.0,0.0,0.0,0.0
495,8.9.2022,0.0,0.0,0.0,0.0,0.0,0.0,0.0,0.0
496,9.9.2022,0.0,0.0,0.0,0.0,0.0,0.0,0.0,0.0
497,10.9.2022,0.0,0.0,0.0,0.0,0.0,0.0,0.0,0.0
498,11.9.2022,0.0,0.0,0.0,0.0,0.0,0.0,0.0,0.0
499,12.9.2022,0.0,0.0,0.0,0.0,0.0,0.0,0.0,0.0
500,13.9.2022,0.0,0.0,0.0,0.0,0.0,0.0,0.0,0.0
501,14.9.2022,0.0,0.0,0.0,0.0,0.0,0.0,0.0,0.0
502,15.9.2022,0.0,0.0,0.0,0.0,0.0,0.0,0.0,0.0
503,16.9.2022,0.0,0.0,0.0,0.0,0.0,0.0,0.0,0.0
504,17.9.2022,0.0,0.0,0.0,0.0,0.0,0.0,0.0,0.0
505,18.9.2022,0.0,0.0,0.0,0.0,0.0,0.0,0.0,0.0
506,19.9.2022,0.0,0.0,0.0,0.0,0.0,0.0,0.0,0.0
507,20.9.2022,0.0,0.0,0.0,0.0,0.0,0.0,0.0,0.0
508,21.9.2022,0.0,0.0,0.0,0.0,0.0,0.0,0.0,0.0
509,22.9.2022,0.0,0.0,0.0,0.0,0.0,0.0,0.0,0.0
510,23.9.2022,0.0,0.0,0.0,0.0,0.0,0.0,0.0,0.0
511,24.9.2022,0.0,0.0,0.0,0.0,0.0,0.0,0.0,0.0
512,25.9.2022,0.0,0.0,0.0,0.0,0.0,0.0,0.0,0.0
513,26.9.2022,0.0,0.0,0.0,0.0,0.0,0.0,0.0,0.0
514,27.9.2022,0.0,0.0,0.0,0.0,0.0,0.0,0.0,0.0
515,28.9.2022,0.0,0.0,0.0,0.0,0.0,0.0,0.0,0.0
516,29.9.2022,0.0,0.0,0.0,0.0,0.0,0.0,0.0,0.0
517,30.9.2022,0.0,0.0,0.0,0.0,0.0,0.0,0.0,0.0
518,1.10.2022,0.0,0.0,0.0,0.0,0.0,0.0,0.0,0.0
519,2.10.2022,0.0,0.0,0.0,0.0,0.0,0.0,0.0,0.0
520,3.10.2022,0.0,0.0,0.0,0.0,0.0,0.0,0.0,0.0
521,4.10.2022,0.0,0.0,0.0,0.0,0.0,0.0,0.0,0.0
522,5.10.2022,0.0,0.0,0.0,0.0,0.0,0.0,0.0,0.0
523,6.10.2022,0.0,0.0,0.0,0.0,0.0,0.0,0.0,0.0
524,7.10.2022,0.0,0.0,0.0,0.0,0.0,0.0,0.0,0.0
525,8.10.2022,0.0,0.0,0.0,0.0,0.0,0.0,0.0,0.0
526,9.10.2022,0.0,0.0,0.0,0.0,0.0,0.0,0.0,0.0
527,10.10.2022,0.0,0.0,0.0,0.0,0.0,0.0,0.0,0.0
528,11.10.2022,0.0,0.0,0.0,0.0,0.0,0.0,0.0,0.0
529,12.10.2022,0.0,0.0,0.0,0.0,0.0,0.0,0.0,0.0
530,13.10.2022,0.0,0.0,0.0,0.0,0.0,0.0,0.0,0.0
531,14.10.2022,0.0,0.0,0.0,0.0,0.0,0.0,0.0,0.0
532,15.10.2022,0.0,0.0,0.0,0.0,0.0,0.0,0.0,0.0
533,16.10.2022,0.0,0.0,0.0,0.0,0.0,0.0,0.0,0.0
534,17.10.2022,0.0,0.0,0.0,0.0,0.0,0.0,0.0,0.0
535,18.10.2022,0.0,0.0,0.0,0.0,0.0,0.0,0.0,0.0
536,19.10.2022,0.0,0.0,0.0,0.0,0.0,0.0,0.0,0.0
537,20.10.2022,0.0,0.0,0.0,0.0,0.0,0.0,0.0,0.0
538,21.10.2022,0.0,0.0,0.0,0.0,0.0,0.0,0.0,0.0
539,22.10.2022,0.0,0.0,0.0,0.0,0.0,0.0,0.0,0.0
540,23.10.2022,0.0,0.0,0.0,0.0,0.0,0.0,0.0,0.0
541,24.10.2022,0.0,0.0,0.0,0.0,0.0,0.0,0.0,0.0
542,25.10.2022,0.0,0.0,0.0,0.0,0.0,0.0,0.0,0.0
543,26.10.2022,0.0,0.0,0.0,0.0,0.0,0.0,0.0,0.0
544,27.10.2022,0.0,0.0,0.0,0.0,0.0,0.0,0.0,0.0
545,28.10.2022,0.0,0.0,0.0,0.0,0.0,0.0,0.0,0.0
546,29.10.2022,0.0,0.0,0.0,0.0,0.0,0.0,0.0,0.0
547,30.10.2022,0.0,0.0,0.0,0.0,0.0,0.0,0.0,0.0
548,31.10.2022,0.0,0.0,0.0,0.0,0.0,0.0,0.0,0.0
549,1.11.2022,0.0,0.0,0.0,0.0,0.0,0.0,0.0,0.0
550,2.11.2022,0.0,0.0,0.0,0.0,0.0,0.0,0.0,0.0
551,3.11.2022,0.0,0.0,0.0,0.0,0.0,0.0,0.0,0.0
552,4.11.2022,0.0,0.0,0.0,0.0,0.0,0.0,0.0,0.0
553,5.11.2022,0.0,0.0,0.0,0.0,0.0,0.0,0.0,0.0
554,6.11.2022,0.0,0.0,0.0,0.0,0.0,0.0,0.0,0.0
555,7.11.2022,0.0,0.0,0.0,0.0,0.0,0.0,0.0,0.0
556,8.11.2022,0.0,0.0,0.0,0.0,0.0,0.0,0.0,0.0
557,9.11.2022,0.0,0.0,0.0,0.0,0.0,0.0,0.0,0.0
558,10.11.2022,0.0,0.0,0.0,0.0,0.0,0.0,0.0,0.0
559,11.11.2022,0.0,0.0,0.0,0.0,0.0,0.0,0.0,0.0
560,12.11.2022,0.0,0.0,0.0,0.0,0.0,0.0,0.0,0.0
561,13.11.2022,0.0,0.0,0.0,0.0,0.0,0.0,0.0,0.0
562,14.11.2022,0.0,0.0,0.0,0.0,0.0,0.0,0.0,0.0
563,15.11.2022,0.0,0.0,0.0,0.0,0.0,0.0,0.0,0.0
564,16.11.2022,0.0,0.0,0.0,0.0,0.0,0.0,0.0,0.0
565,17.11.2022,0.0,0.0,0.0,0.0,0.0,0.0,0.0,0.0
566,18.11.2022,0.0,0.0,0.0,0.0,0.0,0.0,0.0,0.0
567,19.11.2022,0.0,0.0,0.0,0.0,0.0,0.0,0.0,0.0
568,20.11.2022,0.0,0.0,0.0,0.0,0.0,0.0,0.0,0.0
569,21.11.2022,0.0,0.0,0.0,0.0,0.0,0.0,0.0,0.0
570,22.11.2022,0.0,0.0,0.0,0.0,0.0,0.0,0.0,0.0
571,23.11.2022,0.0,0.0,0.0,0.0,0.0,0.0,0.0,0.0
572,24.11.2022,0.0,0.0,0.0,0.0,0.0,0.0,0.0,0.0
573,25.11.2022,0.0,0.0,0.0,0.0,0.0,0.0,0.0,0.0
574,26.11.2022,0.0,0.0,0.0,0.0,0.0,0.0,0.0,0.0
575,27.11.2022,0.0,0.0,0.0,0.0,0.0,0.0,0.0,0.0
576,28.11.2022,0.0,0.0,0.0,0.0,0.0,0.0,0.0,0.0
577,29.11.2022,0.0,0.0,0.0,0.0,0.0,0.0,0.0,0.0
578,30.11.2022,0.0,0.0,0.0,0.0,0.0,0.0,0.0,0.0
579,1.12.2022,0.0,0.0,0.0,0.0,0.0,0.0,0.0,0.0
580,2.12.2022,0.0,0.0,0.0,0.0,0.0,0.0,0.0,0.0
581,3.12.2022,0.0,0.0,0.0,0.0,0.0,0.0,0.0,0.0
582,4.12.2022,0.0,0.0,0.0,0.0,0.0,0.0,0.0,0.0
583,5.12.2022,0.0,0.0,0.0,0.0,0.0,0.0,0.0,0.0
584,6.12.2022,0.0,0.0,0.0,0.0,0.0,0.0,0.0,0.0
585,7.12.2022,0.0,0.0,0.0,0.0,0.0,0.0,0.0,0.0
586,8.12.2022,0.0,0.0,0.0,0.0,0.0,0.0,0.0,0.0
587,9.12.2022,0.0,0.0,0.0,0.0,0.0,0.0,0.0,0.0
588,10.12.2022,0.0,0.0,0.0,0.0,0.0,0.0,0.0,0.0
589,11.12.2022,0.0,0.0,0.0,0.0,0.0,0.0,0.0,0.0
590,12.12.2022,0.0,0.0,0.0,0.0,0.0,0.0,0.0,0.0
591,13.12.2022,0.0,0.0,0.0,0.0,0.0,0.0,0.0,0.0
592,14.12.2022,0.0,0.0,0.0,0.0,0.0,0.0,0.0,0.0
593,15.12.2022,0.0,0.0,0.0,0.0,0.0,0.0,0.0,0.0
594,16.12.2022,0.0,0.0,0.0,0.0,0.0,0.0,0.0,0.0
595,17.12.2022,0.0,0.0,0.0,0.0,0.0,0.0,0.0,0.0
596,18.12.2022,0.0,0.0,0.0,0.0,0.0,0.0,0.0,0.0
597,19.12.2022,0.0,0.0,0.0,0.0,0.0,0.0,0.0,0.0
598,20.12.2022,0.0,0.0,0.0,0.0,0.0,0.0,0.0,0.0
599,21.12.2022,0.0,0.0,0.0,0.0,0.0,0.0,0.0,0.0
600,22.12.2022,0.0,0.0,0.0,0.0,0.0,0.0,0.0,0.0
601,23.12.2022,0.0,0.0,0.0,0.0,0.0,0.0,0.0,0.0
602,24.12.2022,0.0,0.0,0.0,0.0,0.0,0.0,0.0,0.0
603,25.12.2022,0.0,0.0,0.0,0.0,0.0,0.0,0.0,0.0
604,26.12.2022,0.0,0.0,0.0,0.0,0.0,0.0,0.0,0.0
605,27.12.2022,0.0,0.0,0.0,0.0,0.0,0.0,0.0,0.0
606,28.12.2022,0.0,0.0,0.0,0.0,0.0,0.0,0.0,0.0
607,29.12.2022,0.0,0.0,0.0,0.0,0.0,0.0,0.0,0.0
608,30.12.2022,0.0,0.0,0.0,0.0,0.0,0.0,0.0,0.0
609,31.12.2022,0.0,0.0,0.0,0.0,0.0,0.0,0.0,0.0
610,1.1.2023,0.0,0.0,0.0,0.0,0.0,0.0,0.0,0.0
611,2.1.2023,0.0,0.0,0.0,0.0,0.0,0.0,0.0,0.0
612,3.1.2023,0.0,0.0,0.0,0.0,0.0,0.0,0.0,0.0
613,4.1.2023,0.0,0.0,0.0,0.0,0.0,0.0,0.0,0.0
614,5.1.2023,0.0,0.0,0.0,0.0,0.0,0.0,0.0,0.0
615,6.1.2023,0.0,0.0,0.0,0.0,0.0,0.0,0.0,0.0
616,7.1.2023,0.0,0.0,0.0,0.0,0.0,0.0,0.0,0.0
617,8.1.2023,0.0,0.0,0.0,0.0,0.0,0.0,0.0,0.0
618,9.1.2023,0.0,0.0,0.0,0.0,0.0,0.0,0.0,0.0
619,10.1.2023,0.0,0.0,0.0,0.0,0.0,0.0,0.0,0.0
620,11.1.2023,0.0,0.0,0.0,0.0,0.0,0.0,0.0,0.0
621,12.1.2023,0.0,0.0,0.0,0.0,0.0,0.0,0.0,0.0
622,13.1.2023,0.0,0.0,0.0,0.0,0.0,0.0,0.0,0.0
623,14.1.2023,0.0,0.0,0.0,0.0,0.0,0.0,0.0,0.0
624,15.1.2023,0.0,0.0,0.0,0.0,0.0,0.0,0.0,0.0
625,16.1.2023,0.0,0.0,0.0,0.0,0.0,0.0,0.0,0.0
626,17.1.2023,0.0,0.0,0.0,0.0,0.0,0.0,0.0,0.0
627,18.1.2023,0.0,0.0,0.0,0.0,0.0,0.0,0.0,0.0
628,19.1.2023,0.0,0.0,0.0,0.0,0.0,0.0,0.0,0.0
629,20.1.2023,0.0,0.0,0.0,0.0,0.0,0.0,0.0,0.0
630,21.1.2023,0.0,0.0,0.0,0.0,0.0,0.0,0.0,0.0
631,22.1.2023,0.0,0.0,0.0,0.0,0.0,0.0,0.0,0.0
632,23.1.2023,0.0,0.0,0.0,0.0,0.0,0.0,0.0,0.0
633,24.1.2023,0.0,0.0,0.0,0.0,0.0,0.0,0.0,0.0
634,25.1.2023,0.0,0.0,0.0,0.0,0.0,0.0,0.0,0.0
635,26.1.2023,0.0,0.0,0.0,0.0,0.0,0.0,0.0,0.0
636,27.1.2023,0.0,0.0,0.0,0.0,0.0,0.0,0.0,0.0
637,28.1.2023,0.0,0.0,0.0,0.0,0.0,0.0,0.0,0.0
638,29.1.2023,0.0,0.0,0.0,0.0,0.0,0.0,0.0,0.0
639,30.1.2023,0.0,0.0,0.0,0.0,0.0,0.0,0.0,0.0
640,31.1.2023,0.0,0.0,0.0,0.0,0.0,0.0,0.0,0.0
641,1.2.2023,0.0,0.0,0.0,0.0,0.0,0.0,0.0,0.0
642,2.2.2023,0.0,0.0,0.0,0.0,0.0,0.0,0.0,0.0
643,3.2.2023,0.0,0.0,0.0,0.0,0.0,0.0,0.0,0.0
644,4.2.2023,0.0,0.0,0.0,0.0,0.0,0.0,0.0,0.0
645,5.2.2023,0.0,0.0,0.0,0.0,0.0,0.0,0.0,0.0
646,6.2.2023,0.0,0.0,0.0,0.0,0.0,0.0,0.0,0.0
647,7.2.2023,0.0,0.0,0.0,0.0,0.0,0.0,0.0,0.0
648,8.2.2023,0.0,0.0,0.0,0.0,0.0,0.0,0.0,0.0
649,9.2.2023,0.0,0.0,0.0,0.0,0.0,0.0,0.0,0.0
650,10.2.2023,0.0,0.0,0.0,0.0,0.0,0.0,0.0,0.0
651,11.2.2023,0.0,0.0,0.0,0.0,0.0,0.0,0.0,0.0
652,12.2.2023,0.0,0.0,0.0,0.0,0.0,0.0,0.0,0.0
653,13.2.2023,0.0,0.0,0.0,0.0,0.0,0.0,0.0,0.0
654,14.2.2023,0.0,0.0,0.0,0.0,0.0,0.0,0.0,0.0
655,15.2.2023,0.0,0.0,0.0,0.0,0.0,0.0,0.0,0.0
656,16.2.2023,0.0,0.0,0.0,0.0,0.0,0.0,0.0,0.0
657,17.2.2023,0.0,0.0,0.0,0.0,0.0,0.0,0.0,0.0
658,18.2.2023,0.0,0.0,0.0,0.0,0.0,0.0,0.0,0.0
659,19.2.2023,0.0,0.0,0.0,0.0,0.0,0.0,0.0,0.0
660,20.2.2023,0.0,0.0,0.0,0.0,0.0,0.0,0.0,0.0
661,21.2.2023,0.0,0.0,0.0,0.0,0.0,0.0,0.0,0.0
662,22.2.2023,0.0,0.0,0.0,0.0,0.0,0.0,0.0,0.0
663,23.2.2023,0.0,0.0,0.0,0.0,0.0,0.0,0.0,0.0
664,24.2.2023,0.0,0.0,0.0,0.0,0.0,0.0,0.0,0.0
665,25.2.2023,0.0,0.0,0.0,0.0,0.0,0.0,0.0,0.0
666,26.2.2023,0.0,0.0,0.0,0.0,0.0,0.0,0.0,0.0
667,27.2.2023,0.0,0.0,0.0,0.0,0.0,0.0,0.0,0.0
668,28.2.2023,0.0,0.0,0.0,0.0,0.0,0.0,0.0,0.0
669,1.3.2023,0.0,0.0,0.0,0.0,0.0,0.0,0.0,0.0
670,2.3.2023,0.0,0.0,0.0,0.0,0.0,0.0,0.0,0.0
671,3.3.2023,0.0,0.0,0.0,0.0,0.0,0.0,0.0,0.0
672,4.3.2023,0.0,0.0,0.0,0.0,0.0,0.0,0.0,0.0
673,5.3.2023,0.0,0.0,0.0,0.0,0.0,0.0,0.0,0.0
674,6.3.2023,0.0,0.0,0.0,0.0,0.0,0.0,0.0,0.0
675,7.3.2023,0.0,0.0,0.0,0.0,0.0,0.0,0.0,0.0
676,8.3.2023,0.0,0.0,0.0,0.0,0.0,0.0,0.0,0.0
677,9.3.2023,0.0,0.0,0.0,0.0,0.0,0.0,0.0,0.0
678,10.3.2023,0.0,0.0,0.0,0.0,0.0,0.0,0.0,0.0
679,11.3.2023,0.0,0.0,0.0,0.0,0.0,0.0,0.0,0.0
680,12.3.2023,0.0,0.0,0.0,0.0,0.0,0.0,0.0,0.0
681,13.3.2023,0.0,0.0,0.0,0.0,0.0,0.0,0.0,0.0
682,14.3.2023,0.0,0.0,0.0,0.0,0.0,0.0,0.0,0.0
683,15.3.2023,0.0,0.0,0.0,0.0,0.0,0.0,0.0,0.0
684,16.3.2023,0.0,0.0,0.0,0.0,0.0,0.0,0.0,0.0
685,17.3.2023,0.0,0.0,0.0,0.0,0.0,0.0,0.0,0.0
686,18.3.2023,0.0,0.0,0.0,0.0,0.0,0.0,0.0,0.0
687,19.3.2023,0.0,0.0,0.0,0.0,0.0,0.0,0.0,0.0
688,20.3.2023,0.0,0.0,0.0,0.0,0.0,0.0,0.0,0.0
689,21.3.2023,0.0,0.0,0.0,0.0,0.0,0.0,0.0,0.0
690,22.3.2023,0.0,0.0,0.0,0.0,0.0,0.0,0.0,0.0
691,23.3.2023,0.0,0.0,0.0,0.0,0.0,0.0,0.0,0.0
692,24.3.2023,0.0,0.0,0.0,0.0,0.0,0.0,0.0,0.0
693,25.3.2023,0.0,0.0,0.0,0.0,0.0,0.0,0.0,0.0
694,26.3.2023,0.0,0.0,0.0,0.0,0.0,0.0,0.0,0.0
695,27.3.2023,0.0,0.0,0.0,0.0,0.0,0.0,0.0,0.0
696,28.3.2023,0.0,0.0,0.0,0.0,0.0,0.0,0.0,0.0
697,29.3.2023,0.0,0.0,0.0,0.0,0.0,0.0,0.0,0.0
698,30.3.2023,0.0,0.0,0.0,0.0,0.0,0.0,0.0,0.0
699,31.3.2023,0.0,0.0,0.0,0.0,0.0,0.0,0.0,0.0
700,1.4.2023,0.0,0.0,0.0,0.0,0.0,0.0,0.0,0.0
701,2.4.2023,0.0,0.0,0.0,0.0,0.0,0.0,0.0,0.0
702,3.4.2023,0.0,0.0,0.0,0.0,0.0,0.0,0.0,0.0
703,4.4.2023,0.0,0.0,0.0,0.0,0.0,0.0,0.0,0.0
704,5.4.2023,0.0,0.0,0.0,0.0,0.0,0.0,0.0,0.0
705,6.4.2023,0.0,0.0,0.0,0.0,0.0,0.0,0.0,0.0
706,7.4.2023,0.0,0.0,0.0,0.0,0.0,0.0,0.0,0.0
707,8.4.2023,0.0,0.0,0.0,0.0,0.0,0.0,0.0,0.0
708,9.4.2023,0.0,0.0,0.0,0.0,0.0,0.0,0.0,0.0
709,10.4.2023,0.0,0.0,0.0,0.0,0.0,0.0,0.0,0.0
710,11.4.2023,0.0,0.0,0.0,0.0,0.0,0.0,0.0,0.0
711,12.4.2023,0.0,0.0,0.0,0.0,0.0,0.0,0.0,0.0
712,13.4.2023,0.0,0.0,0.0,0.0,0.0,0.0,0.0,0.0
713,14.4.2023,0.0,0.0,0.0,0.0,0.0,0.0,0.0,0.0
714,15.4.2023,0.0,0.0,0.0,0.0,0.0,0.0,0.0,0.0
715,16.4.2023,0.0,0.0,0.0,0.0,0.0,0.0,0.0,0.0
716,17.4.2023,0.0,0.0,0.0,0.0,0.0,0.0,0.0,0.0
717,18.4.2023,0.0,0.0,0.0,0.0,0.0,0.0,0.0,0.0
718,19.4.2023,0.0,0.0,0.0,0.0,0.0,0.0,0.0,0.0
719,20.4.2023,0.0,0.0,0.0,0.0,0.0,0.0,0.0,0.0
720,21.4.2023,0.0,0.0,0.0,0.0,0.0,0.0,0.0,0.0
721,22.4.2023,0.0,0.0,0.0,0.0,0.0,0.0,0.0,0.0
722,23.4.2023,0.0,0.0,0.0,0.0,0.0,0.0,0.0,0.0
723,24.4.2023,0.0,0.0,0.0,0.0,0.0,0.0,0.0,0.0
724,25.4.2023,0.0,0.0,0.0,0.0,0.0,0.0,0.0,0.0
725,26.4.2023,0.0,0.0,0.0,0.0,0.0,0.0,0.0,0.0
726,27.4.2023,0.0,0.0,0.0,0.0,0.0,0.0,0.0,0.0
727,28.4.2023,0.0,0.0,0.0,0.0,0.0,0.0,0.0,0.0
728,29.4.2023,0.0,0.0,0.0,0.0,0.0,0.0,0.0,0.0
729,30.4.2023,0.0,0.0,0.0,0.0,0.0,0.0,0.0,0.0
730,1.5.2023,0.0,0.0,0.0,0.0,0.0,0.0,0.0,0.0
731,2.5.2023,0.0,0.0,0.0,0.0,0.0,0.0,0.0,0.0
732,3.5.2023,0.0,0.0,0.0,0.0,0.0,0.0,0.0,0.0
733,4.5.2023,0.0,0.0,0.0,0.0,0.0,0.0,0.0,0.0
734,5.5.2023,0.0,0.0,0.0,0.0,0.0,0.0,0.0,0.0
735,6.5.2023,0.0,0.0,0.0,0.0,0.0,0.0,0.0,0.0
736,7.5.2023,0.0,0.0,0.0,0.0,0.0,0.0,0.0,0.0
737,8.5.2023,0.0,0.0,0.0,0.0,0.0,0.0,0.0,0.0
738,9.5.2023,0.0,0.0,0.0,0.0,0.0,0.0,0.0,0.0
739,10.5.2023,0.0,0.0,0.0,0.0,0.0,0.0,0.0,0.0
740,11.5.2023,0.0,0.0,0.0,0.0,0.0,0.0,0.0,0.0
741,12.5.2023,0.0,0.0,0.0,0.0,0.0,0.0,0.0,0.0
742,13.5.2023,0.0,0.0,0.0,0.0,0.0,0.0,0.0,0.0
743,14.5.2023,0.0,0.0,0.0,0.0,0.0,0.0,0.0,0.0
744,15.5.2023,0.0,0.0,0.0,0.0,0.0,0.0,0.0,0.0
745,16.5.2023,0.0,0.0,0.0,0.0,0.0,0.0,0.0,0.0
746,17.5.2023,0.0,0.0,0.0,0.0,0.0,0.0,0.0,0.0
747,18.5.2023,0.0,0.0,0.0,0.0,0.0,0.0,0.0,0.0
748,19.5.2023,0.0,0.0,0.0,0.0,0.0,0.0,0.0,0.0
749,20.5.2023,0.0,0.0,0.0,0.0,0.0,0.0,0.0,0.0
750,21.5.2023,0.0,0.0,0.0,0.0,0.0,0.0,0.0,0.0
751,22.5.2023,0.0,0.0,0.0,0.0,0.0,0.0,0.0,0.0
752,23.5.2023,0.0,0.0,0.0,0.0,0.0,0.0,0.0,0.0
753,24.5.2023,0.0,0.0,0.0,0.0,0.0,0.0,0.0,0.0
754,25.5.2023,0.0,0.0,0.0,0.0,0.0,0.0,0.0,0.0
755,26.5.2023,0.0,0.0,0.0,0.0,0.0,0.0,0.0,0.0
756,27.5.2023,0.0,0.0,0.0,0.0,0.0,0.0,0.0,0.0
757,28.5.2023,0.0,0.0,0.0,0.0,0.0,0.0,0.0,0.0
758,29.5.2023,0.0,0.0,0.0,0.0,0.0,0.0,0.0,0.0
759,30.5.2023,0.0,0.0,0.0,0.0,0.0,0.0,0.0,0.0
760,31.5.2023,0.0,0.0,0.0,0.0,0.0,0.0,0.0,0.0
761,1.6.2023,0.0,0.0,0.0,0.0,0.0,0.0,0.0,0.0
762,2.6.2023,0.0,0.0,0.0,0.0,0.0,0.0,0.0,0.0
763,3.6.2023,0.0,0.0,0.0,0.0,0.0,0.0,0.0,0.0
764,4.6.2023,0.0,0.0,0.0,0.0,0.0,0.0,0.0,0.0
765,5.6.2023,0.0,0.0,0.0,0.0,0.0,0.0,0.0,0.0
766,6.6.2023,0.0,0.0,0.0,0.0,0.0,0.0,0.0,0.0
767,7.6.2023,0.0,0.0,0.0,0.0,0.0,0.0,0.0,0.0
768,8.6.2023,0.0,0.0,0.0,0.0,0.0,0.0,0.0,0.0
769,9.6.2023,0.0,0.0,0.0,0.0,0.0,0.0,0.0,0.0
770,10.6.2023,0.0,0.0,0.0,0.0,0.0,0.0,0.0,0.0
771,11.6.2023,0.0,0.0,0.0,0.0,0.0,0.0,0.0,0.0
772,12.6.2023,0.0,0.0,0.0,0.0,0.0,0.0,0.0,0.0
773,13.6.2023,0.0,0.0,0.0,0.0,0.0,0.0,0.0,0.0
774,14.6.2023,0.0,0.0,0.0,0.0,0.0,0.0,0.0,0.0
775,15.6.2023,0.0,0.0,0.0,0.0,0.0,0.0,0.0,0.0
776,16.6.2023,0.0,0.0,0.0,0.0,0.0,0.0,0.0,0.0
777,17.6.2023,0.0,0.0,0.0,0.0,0.0,0.0,0.0,0.0
778,18.6.2023,0.0,0.0,0.0,0.0,0.0,0.0,0.0,0.0
779,19.6.2023,0.0,0.0,0.0,0.0,0.0,0.0,0.0,0.0
780,20.6.2023,0.0,0.0,0.0,0.0,0.0,0.0,0.0,0.0
781,21.6.2023,0.0,0.0,0.0,0.0,0.0,0.0,0.0,0.0
782,22.6.2023,0.0,0.0,0.0,0.0,0.0,0.0,0.0,0.0
783,23.6.2023,0.0,0.0,0.0,0.0,0.0,0.0,0.0,0.0
784,24.6.2023,0.0,0.0,0.0,0.0,0.0,0.0,0.0,0.0
785,25.6.2023,0.0,0.0,0.0,0.0,0.0,0.0,0.0,0.0
786,26.6.2023,0.0,0.0,0.0,0.0,0.0,0.0,0.0,0.0
787,27.6.2023,0.0,0.0,0.0,0.0,0.0,0.0,0.0,0.0
788,28.6.2023,0.0,0.0,0.0,0.0,0.0,0.0,0.0,0.0
789,29.6.2023,0.0,0.0,0.0,0.0,0.0,0.0,0.0,0.0
790,30.6.2023,0.0,0.0,0.0,0.0,0.0,0.0,0.0,0.0
791,1.7.2023,0.0,0.0,0.0,0.0,0.0,0.0,0.0,0.0
792,2.7.2023,0.0,0.0,0.0,0.0,0.0,0.0,0.0,0.0
793,3.7.2023,0.0,0.0,0.0,0.0,0.0,0.0,0.0,0.0
794,4.7.2023,0.0,0.0,0.0,0.0,0.0,0.0,0.0,0.0
795,5.7.2023,0.0,0.0,0.0,0.0,0.0,0.0,0.0,0.0
796,6.7.2023,0.0,0.0,0.0,0.0,0.0,0.0,0.0,0.0
797,7.7.2023,0.0,0.0,0.0,0.0,0.0,0.0,0.0,0.0
798,8.7.2023,0.0,0.0,0.0,0.0,0.0,0.0,0.0,0.0
799,9.7.2023,0.0,0.0,0.0,0.0,0.0,0.0,0.0,0.0
800,10.7.2023,0.0,0.0,0.0,0.0,0.0,0.0,0.0,0.0
801,11.7.2023,0.0,0.0,0.0,0.0,0.0,0.0,0.0,0.0
802,12.7.2023,0.0,0.0,0.0,0.0,0.0,0.0,0.0,0.0
803,13.7.2023,0.0,0.0,0.0,0.0,0.0,0.0,0.0,0.0
804,14.7.2023,0.0,0.0,0.0,0.0,0.0,0.0,0.0,0.0
805,15.7.2023,0.0,0.0,0.0,0.0,0.0,0.0,0.0,0.0
806,16.7.2023,0.0,0.0,0.0,0.0,0.0,0.0,0.0,0.0
807,17.7.2023,0.0,0.0,0.0,0.0,0.0,0.0,0.0,0.0
808,18.7.2023,0.0,0.0,0.0,0.0,0.0,0.0,0.0,0.0
809,19.7.2023,0.0,0.0,0.0,0.0,0.0,0.0,0.0,0.0
810,20.7.2023,0.0,0.0,0.0,0.0,0.0,0.0,0.0,0.0
811,21.7.2023,0.0,0.0,0.0,0.0,0.0,0.0,0.0,0.0
812,22.7.2023,0.0,0.0,0.0,0.0,0.0,0.0,0.0,0.0
813,23.7.2023,0.0,0.0,0.0,0.0,0.0,0.0,0.0,0.0
814,24.7.2023,0.0,0.0,0.0,0.0,0.0,0.0,0.0,0.0
815,25.7.2023,0.0,0.0,0.0,0.0,0.0,0.0,0.0,0.0
816,26.7.2023,0.0,0.0,0.0,0.0,0.0,0.0,0.0,0.0
817,27.7.2023,0.0,0.0,0.0,0.0,0.0,0.0,0.0,0.0
818,28.7.2023,0.0,0.0,0.0,0.0,0.0,0.0,0.0,0.0
819,29.7.2023,0.0,0.0,0.0,0.0,0.0,0.0,0.0,0.0
820,30.7.2023,0.0,0.0,0.0,0.0,0.0,0.0,0.0,0.0
821,31.7.2023,0.0,0.0,0.0,0.0,0.0,0.0,0.0,0.0
822,1.8.2023,0.0,0.0,0.0,0.0,0.0,0.0,0.0,0.0
823,2.8.2023,0.0,0.0,0.0,0.0,0.0,0.0,0.0,0.0
824,3.8.2023,0.0,0.0,0.0,0.0,0.0,0.0,0.0,0.0
825,4.8.2023,0.0,0.0,0.0,0.0,0.0,0.0,0.0,0.0
826,5.8.2023,0.0,0.0,0.0,0.0,0.0,0.0,0.0,0.0
827,6.8.2023,0.0,0.0,0.0,0.0,0.0,0.0,0.0,0.0
828,7.8.2023,0.0,0.0,0.0,0.0,0.0,0.0,0.0,0.0
829,8.8.2023,0.0,0.0,0.0,0.0,0.0,0.0,0.0,0.0
830,9.8.2023,0.0,0.0,0.0,0.0,0.0,0.0,0.0,0.0
831,10.8.2023,0.0,0.0,0.0,0.0,0.0,0.0,0.0,0.0
832,11.8.2023,0.0,0.0,0.0,0.0,0.0,0.0,0.0,0.0
833,12.8.2023,0.0,0.0,0.0,0.0,0.0,0.0,0.0,0.0
834,13.8.2023,0.0,0.0,0.0,0.0,0.0,0.0,0.0,0.0
835,14.8.2023,0.0,0.0,0.0,0.0,0.0,0.0,0.0,0.0
836,15.8.2023,0.0,0.0,0.0,0.0,0.0,0.0,0.0,0.0
837,16.8.2023,0.0,0.0,0.0,0.0,0.0,0.0,0.0,0.0
838,17.8.2023,0.0,0.0,0.0,0.0,0.0,0.0,0.0,0.0
839,18.8.2023,0.0,0.0,0.0,0.0,0.0,0.0,0.0,0.0
840,19.8.2023,0.0,0.0,0.0,0.0,0.0,0.0,0.0,0.0
841,20.8.2023,0.0,0.0,0.0,0.0,0.0,0.0,0.0,0.0
842,21.8.2023,0.0,0.0,0.0,0.0,0.0,0.0,0.0,0.0
843,22.8.2023,0.0,0.0,0.0,0.0,0.0,0.0,0.0,0.0
844,23.8.2023,0.0,0.0,0.0,0.0,0.0,0.0,0.0,0.0
845,24.8.2023,0.0,0.0,0.0,0.0,0.0,0.0,0.0,0.0
846,25.8.2023,0.0,0.0,0.0,0.0,0.0,0.0,0.0,0.0
847,26.8.2023,0.0,0.0,0.0,0.0,0.0,0.0,0.0,0.0
848,27.8.2023,0.0,0.0,0.0,0.0,0.0,0.0,0.0,0.0
849,28.8.2023,0.0,0.0,0.0,0.0,0.0,0.0,0.0,0.0
850,29.8.2023,0.0,0.0,0.0,0.0,0.0,0.0,0.0,0.0
851,30.8.2023,0.0,0.0,0.0,0.0,0.0,0.0,0.0,0.0
852,31.8.2023,0.0,0.0,0.0,0.0,0.0,0.0,0.0,0.0
853,1.9.2023,0.0,0.0,0.0,0.0,0.0,0.0,0.0,0.0
854,2.9.2023,0.0,0.0,0.0,0.0,0.0,0.0,0.0,0.0
855,3.9.2023,0.0,0.0,0.0,0.0,0.0,0.0,0.0,0.0
856,4.9.2023,0.0,0.0,0.0,0.0,0.0,0.0,0.0,0.0
857,5.9.2023,0.0,0.0,0.0,0.0,0.0,0.0,0.0,0.0
858,6.9.2023,0.0,0.0,0.0,0.0,0.0,0.0,0.0,0.0
859,7.9.2023,0.0,0.0,0.0,0.0,0.0,0.0,0.0,0.0
860,8.9.2023,0.0,0.0,0.0,0.0,0.0,0.0,0.0,0.0
861,9.9.2023,0.0,0.0,0.0,0.0,0.0,0.0,0.0,0.0
862,10.9.2023,0.0,0.0,0.0,0.0,0.0,0.0,0.0,0.0
863,11.9.2023,0.0,0.0,0.0,0.0,0.0,0.0,0.0,0.0
864,12.9.2023,0.0,0.0,0.0,0.0,0.0,0.0,0.0,0.0
865,13.9.2023,0.0,0.0,0.0,0.0,0.0,0.0,0.0,0.0
866,14.9.2023,0.0,0.0,0.0,0.0,0.0,0.0,0.0,0.0
867,15.9.2023,0.0,0.0,0.0,0.0,0.0,0.0,0.0,0.0
868,16.9.2023,0.0,0.0,0.0,0.0,0.0,0.0,0.0,0.0
869,17.9.2023,0.0,0.0,0.0,0.0,0.0,0.0,0.0,0.0
870,18.9.2023,0.0,0.0,0.0,0.0,0.0,0.0,0.0,0.0
871,19.9.2023,0.0,0.0,0.0,0.0,0.0,0.0,0.0,0.0
872,20.9.2023,0.0,0.0,0.0,0.0,0.0,0.0,0.0,0.0
873,21.9.2023,0.0,0.0,0.0,0.0,0.0,0.0,0.0,0.0
874,22.9.2023,0.0,0.0,0.0,0.0,0.0,0.0,0.0,0.0
875,23.9.2023,0.0,0.0,0.0,0.0,0.0,0.0,0.0,0.0
876,24.9.2023,0.0,0.0,0.0,0.0,0.0,0.0,0.0,0.0
877,25.9.2023,0.0,0.0,0.0,0.0,0.0,0.0,0.0,0.0
878,26.9.2023,0.0,0.0,0.0,0.0,0.0,0.0,0.0,0.0
879,27.9.2023,0.0,0.0,0.0,0.0,0.0,0.0,0.0,0.0
880,28.9.2023,0.0,0.0,0.0,0.0,0.0,0.0,0.0,0.0
881,29.9.2023,0.0,0.0,0.0,0.0,0.0,0.0,0.0,0.0
882,30.9.2023,0.0,0.0,0.0,0.0,0.0,0.0,0.0,0.0
883,1.10.2023,0.0,0.0,0.0,0.0,0.0,0.0,0.0,0.0
884,2.10.2023,0.0,0.0,0.0,0.0,0.0,0.0,0.0,0.0
885,3.10.2023,0.0,0.0,0.0,0.0,0.0,0.0,0.0,0.0
886,4.10.2023,0.0,0.0,0.0,0.0,0.0,0.0,0.0,0.0
887,5.10.2023,0.0,0.0,0.0,0.0,0.0,0.0,0.0,0.0
888,6.10.2023,0.0,0.0,0.0,0.0,0.0,0.0,0.0,0.0
889,7.10.2023,0.0,0.0,0.0,0.0,0.0,0.0,0.0,0.0
890,8.10.2023,0.0,0.0,0.0,0.0,0.0,0.0,0.0,0.0
891,9.10.2023,0.0,0.0,0.0,0.0,0.0,0.0,0.0,0.0
892,10.10.2023,0.0,0.0,0.0,0.0,0.0,0.0,0.0,0.0
893,11.10.2023,0.0,0.0,0.0,0.0,0.0,0.0,0.0,0.0
894,12.10.2023,0.0,0.0,0.0,0.0,0.0,0.0,0.0,0.0
895,13.10.2023,0.0,0.0,0.0,0.0,0.0,0.0,0.0,0.0
896,14.10.2023,0.0,0.0,0.0,0.0,0.0,0.0,0.0,0.0
897,15.10.2023,0.0,0.0,0.0,0.0,0.0,0.0,0.0,0.0
898,16.10.2023,0.0,0.0,0.0,0.0,0.0,0.0,0.0,0.0
899,17.10.2023,0.0,0.0,0.0,0.0,0.0,0.0,0.0,0.0
900,18.10.2023,0.0,0.0,0.0,0.0,0.0,0.0,0.0,0.0
901,19.10.2023,0.0,0.0,0.0,0.0,0.0,0.0,0.0,0.0
902,20.10.2023,0.0,0.0,0.0,0.0,0.0,0.0,0.0,0.0
903,21.10.2023,0.0,0.0,0.0,0.0,0.0,0.0,0.0,0.0
904,22.10.2023,0.0,0.0,0.0,0.0,0.0,0.0,0.0,0.0
905,23.10.2023,0.0,0.0,0.0,0.0,0.0,0.0,0.0,0.0
906,24.10.2023,0.0,0.0,0.0,0.0,0.0,0.0,0.0,0.0
907,25.10.2023,0.0,0.0,0.0,0.0,0.0,0.0,0.0,0.0
908,26.10.2023,0.0,0.0,0.0,0.0,0.0,0.0,0.0,0.0
909,27.10.2023,0.0,0.0,0.0,0.0,0.0,0.0,0.0,0.0
910,28.10.2023,0.0,0.0,0.0,0.0,0.0,0.0,0.0,0.0
911,29.10.2023,0.0,0.0,0.0,0.0,0.0,0.0,0.0,0.0
912,30.10.2023,0.0,0.0,0.0,0.0,0.0,0.0,0.0,0.0
913,31.10.2023,0.0,0.0,0.0,0.0,0.0,0.0,0.0,0.0
914,1.11.2023,0.0,0.0,0.0,0.0,0.0,0.0,0.0,0.0
915,2.11.2023,0.0,0.0,0.0,0.0,0.0,0.0,0.0,0.0
916,3.11.2023,0.0,0.0,0.0,0.0,0.0,0.0,0.0,0.0
917,4.11.2023,0.0,0.0,0.0,0.0,0.0,0.0,0.0,0.0
918,5.11.2023,0.0,0.0,0.0,0.0,0.0,0.0,0.0,0.0
919,6.11.2023,0.0,0.0,0.0,0.0,0.0,0.0,0.0,0.0
920,7.11.2023,0.0,0.0,0.0,0.0,0.0,0.0,0.0,0.0
921,8.11.2023,0.0,0.0,0.0,0.0,0.0,0.0,0.0,0.0
922,9.11.2023,0.0,0.0,0.0,0.0,0.0,0.0,0.0,0.0
923,10.11.2023,0.0,0.0,0.0,0.0,0.0,0.0,0.0,0.0
924,11.11.2023,0.0,0.0,0.0,0.0,0.0,0.0,0.0,0.0
925,12.11.2023,0.0,0.0,0.0,0.0,0.0,0.0,0.0,0.0
926,13.11.2023,0.0,0.0,0.0,0.0,0.0,0.0,0.0,0.0
927,14.11.2023,0.0,0.0,0.0,0.0,0.0,0.0,0.0,0.0
928,15.11.2023,0.0,0.0,0.0,0.0,0.0,0.0,0.0,0.0
929,16.11.2023,0.0,0.0,0.0,0.0,0.0,0.0,0.0,0.0
930,17.11.2023,0.0,0.0,0.0,0.0,0.0,0.0,0.0,0.0
931,18.11.2023,0.0,0.0,0.0,0.0,0.0,0.0,0.0,0.0
932,19.11.2023,0.0,0.0,0.0,0.0,0.0,0.0,0.0,0.0
933,20.11.2023,0.0,0.0,0.0,0.0,0.0,0.0,0.0,0.0
934,21.11.2023,0.0,0.0,0.0,0.0,0.0,0.0,0.0,0.0
935,22.11.2023,0.0,0.0,0.0,0.0,0.0,0.0,0.0,0.0
936,23.11.2023,0.0,0.0,0.0,0.0,0.0,0.0,0.0,0.0
937,24.11.2023,0.0,0.0,0.0,0.0,0.0,0.0,0.0,0.0
938,25.11.2023,0.0,0.0,0.0,0.0,0.0,0.0,0.0,0.0
939,26.11.2023,0.0,0.0,0.0,0.0,0.0,0.0,0.0,0.0
940,27.11.2023,0.0,0.0,0.0,0.0,0.0,0.0,0.0,0.0
941,28.11.2023,0.0,0.0,0.0,0.0,0.0,0.0,0.0,0.0
942,29.11.2023,0.0,0.0,0.0,0.0,0.0,0.0,0.0,0.0
943,30.11.2023,0.0,0.0,0.0,0.0,0.0,0.0,0.0,0.0
944,1.12.2023,0.0,0.0,0.0,0.0,0.0,0.0,0.0,0.0
945,2.12.2023,0.0,0.0,0.0,0.0,0.0,0.0,0.0,0.0
946,3.12.2023,0.0,0.0,0.0,0.0,0.0,0.0,0.0,0.0
947,4.12.2023,0.0,0.0,0.0,0.0,0.0,0.0,0.0,0.0
948,5.12.2023,0.0,0.0,0.0,0.0,0.0,0.0,0.0,0.0
949,6.12.2023,0.0,0.0,0.0,0.0,0.0,0.0,0.0,0.0
950,7.12.2023,0.0,0.0,0.0,0.0,0.0,0.0,0.0,0.0
951,8.12.2023,0.0,0.0,0.0,0.0,0.0,0.0,0.0,0.0
952,9.12.2023,0.0,0.0,0.0,0.0,0.0,0.0,0.0,0.0
953,10.12.2023,0.0,0.0,0.0,0.0,0.0,0.0,0.0,0.0
954,11.12.2023,0.0,0.0,0.0,0.0,0.0,0.0,0.0,0.0
955,12.12.2023,0.0,0.0,0.0,0.0,0.0,0.0,0.0,0.0
956,13.12.2023,0.0,0.0,0.0,0.0,0.0,0.0,0.0,0.0
957,14.12.2023,0.0,0.0,0.0,0.0,0.0,0.0,0.0,0.0
958,15.12.2023,0.0,0.0,0.0,0.0,0.0,0.0,0.0,0.0
959,16.12.2023,0.0,0.0,0.0,0.0,0.0,0.0,0.0,0.0
960,17.12.2023,0.0,0.0,0.0,0.0,0.0,0.0,0.0,0.0
961,18.12.2023,0.0,0.0,0.0,0.0,0.0,0.0,0.0,0.0
962,19.12.2023,0.0,0.0,0.0,0.0,0.0,0.0,0.0,0.0
963,20.12.2023,0.0,0.0,0.0,0.0,0.0,0.0,0.0,0.0
964,21.12.2023,0.0,0.0,0.0,0.0,0.0,0.0,0.0,0.0
965,22.12.2023,0.0,0.0,0.0,0.0,0.0,0.0,0.0,0.0
966,23.12.2023,0.0,0.0,0.0,0.0,0.0,0.0,0.0,0.0
967,24.12.2023,0.0,0.0,0.0,0.0,0.0,0.0,0.0,0.0
968,25.12.2023,0.0,0.0,0.0,0.0,0.0,0.0,0.0,0.0
969,26.12.2023,0.0,0.0,0.0,0.0,0.0,0.0,0.0,0.0
970,27.12.2023,0.0,0.0,0.0,0.0,0.0,0.0,0.0,0.0
971,28.12.2023,0.0,0.0,0.0,0.0,0.0,0.0,0.0,0.0
972,29.12.2023,0.0,0.0,0.0,0.0,0.0,0.0,0.0,0.0
973,30.12.2023,0.0,0.0,0.0,0.0,0.0,0.0,0.0,0.0
974,31.12.2023,0.0,0.0,0.0,0.0,0.0,0.0,0.0,0.0
975,1.1.2024,0.0,0.0,0.0,0.0,0.0,0.0,0.0,0.0
976,2.1.2024,0.0,0.0,0.0,0.0,0.0,0.0,0.0,0.0
977,3.1.2024,0.0,0.0,0.0,0.0,0.0,0.0,0.0,0.0
978,4.1.2024,0.0,0.0,0.0,0.0,0.0,0.0,0.0,0.0
979,5.1.2024,0.0,0.0,0.0,0.0,0.0,0.0,0.0,0.0
980,6.1.2024,0.0,0.0,0.0,0.0,0.0,0.0,0.0,0.0
981,7.1.2024,0.0,0.0,0.0,0.0,0.0,0.0,0.0,0.0
982,8.1.2024,0.0,0.0,0.0,0.0,0.0,0.0,0.0,0.0
983,9.1.2024,0.0,0.0,0.0,0.0,0.0,0.0,0.0,0.0
984,10.1.2024,0.0,0.0,0.0,0.0,0.0,0.0,0.0,0.0
985,11.1.2024,0.0,0.0,0.0,0.0,0.0,0.0,0.0,0.0
986,12.1.2024,0.0,0.0,0.0,0.0,0.0,0.0,0.0,0.0
987,13.1.2024,0.0,0.0,0.0,0.0,0.0,0.0,0.0,0.0
988,14.1.2024,0.0,0.0,0.0,0.0,0.0,0.0,0.0,0.0
989,15.1.2024,0.0,0.0,0.0,0.0,0.0,0.0,0.0,0.0
990,16.1.2024,0.0,0.0,0.0,0.0,0.0,0.0,0.0,0.0
991,17.1.2024,0.0,0.0,0.0,0.0,0.0,0.0,0.0,0.0
992,18.1.2024,0.0,0.0,0.0,0.0,0.0,0.0,0.0,0.0
993,19.1.2024,0.0,0.0,0.0,0.0,0.0,0.0,0.0,0.0
994,20.1.2024,0.0,0.0,0.0,0.0,0.0,0.0,0.0,0.0
995,21.1.2024,0.0,0.0,0.0,0.0,0.0,0.0,0.0,0.0
996,22.1.2024,0.0,0.0,0.0,0.0,0.0,0.0,0.0,0.0
997,23.1.2024,0.0,0.0,0.0,0.0,0.0,0.0,0.0,0.0
998,24.1.2024,0.0,0.0,0.0,0.0,0.0,0.0,0.0,0.0
