,Unnamed: 0,Unnamed: 0.1,Unnamed: 0.1.1,Date,Rent,Travel,Groceries,Subsriptions,Guilty Pleasures,Salery,Sponsor,Other Bussiness
0,0,0,0,1.5.2021,0.0,0.0,0.0,0.0,0.0,0.0,0.0,0.0
1,1,1,1,2.5.2021,0.0,0.0,0.0,0.0,0.0,0.0,0.0,0.0
2,2,2,2,3.5.2021,50.0,50.0,50.0,50.0,50.0,0.0,0.0,0.0
3,3,3,3,4.5.2021,0.0,0.0,0.0,0.0,0.0,0.0,0.0,0.0
4,4,4,4,5.5.2021,0.0,0.0,0.0,0.0,0.0,0.0,0.0,0.0
5,5,5,5,6.5.2021,0.0,0.0,0.0,0.0,0.0,0.0,0.0,0.0
6,6,6,6,7.5.2021,0.0,0.0,0.0,0.0,0.0,0.0,0.0,0.0
7,7,7,7,8.5.2021,0.0,0.0,0.0,0.0,0.0,0.0,0.0,0.0
8,8,8,8,9.5.2021,0.0,0.0,0.0,0.0,0.0,0.0,0.0,0.0
9,9,9,9,10.5.2021,0.0,0.0,0.0,0.0,0.0,0.0,0.0,0.0
10,10,10,10,11.5.2021,0.0,0.0,0.0,0.0,0.0,0.0,0.0,0.0
11,11,11,11,12.5.2021,0.0,0.0,0.0,0.0,0.0,0.0,0.0,0.0
12,12,12,12,13.5.2021,0.0,-5.0,0.0,0.0,0.0,0.0,0.0,0.0
13,13,13,13,14.5.2021,0.0,0.0,0.0,0.0,0.0,0.0,0.0,0.0
14,14,14,14,15.5.2021,0.0,0.0,0.0,0.0,0.0,0.0,0.0,0.0
15,15,15,15,16.5.2021,0.0,0.0,0.0,0.0,0.0,0.0,0.0,0.0
16,16,16,16,17.5.2021,0.0,0.0,0.0,0.0,0.0,0.0,0.0,0.0
17,17,17,17,18.5.2021,0.0,0.0,0.0,0.0,0.0,0.0,0.0,0.0
18,18,18,18,19.5.2021,0.0,0.0,0.0,0.0,0.0,0.0,0.0,0.0
19,19,19,19,20.5.2021,0.0,0.0,0.0,0.0,0.0,0.0,0.0,0.0
20,20,20,20,21.5.2021,0.0,0.0,0.0,0.0,0.0,0.0,0.0,0.0
21,21,21,21,22.5.2021,0.0,0.0,0.0,0.0,0.0,0.0,0.0,0.0
22,22,22,22,23.5.2021,0.0,0.0,0.0,0.0,0.0,0.0,0.0,0.0
23,23,23,23,24.5.2021,0.0,0.0,0.0,0.0,0.0,0.0,0.0,0.0
24,24,24,24,25.5.2021,0.0,0.0,0.0,0.0,0.0,0.0,0.0,0.0
25,25,25,25,26.5.2021,0.0,0.0,0.0,0.0,0.0,0.0,0.0,0.0
26,26,26,26,27.5.2021,0.0,0.0,0.0,0.0,0.0,0.0,0.0,0.0
27,27,27,27,28.5.2021,0.0,0.0,0.0,0.0,0.0,0.0,0.0,0.0
28,28,28,28,29.5.2021,0.0,0.0,0.0,0.0,0.0,0.0,0.0,0.0
29,29,29,29,30.5.2021,0.0,0.0,0.0,0.0,0.0,0.0,0.0,0.0
30,30,30,30,31.5.2021,0.0,0.0,0.0,0.0,0.0,0.0,0.0,0.0
31,31,31,31,1.6.2021,0.0,0.0,0.0,0.0,0.0,0.0,0.0,0.0
32,32,32,32,2.6.2021,0.0,0.0,0.0,0.0,0.0,0.0,0.0,0.0
33,33,33,33,3.6.2021,0.0,0.0,0.0,0.0,0.0,0.0,0.0,0.0
34,34,34,34,4.6.2021,0.0,0.0,0.0,0.0,0.0,0.0,0.0,0.0
35,35,35,35,5.6.2021,0.0,0.0,0.0,0.0,0.0,0.0,0.0,0.0
36,36,36,36,6.6.2021,0.0,0.0,0.0,0.0,0.0,0.0,0.0,0.0
37,37,37,37,7.6.2021,0.0,0.0,0.0,0.0,0.0,0.0,0.0,0.0
38,38,38,38,8.6.2021,0.0,0.0,0.0,0.0,0.0,0.0,0.0,0.0
39,39,39,39,9.6.2021,0.0,0.0,0.0,0.0,0.0,0.0,0.0,0.0
40,40,40,40,10.6.2021,0.0,0.0,0.0,0.0,0.0,0.0,0.0,0.0
41,41,41,41,11.6.2021,0.0,0.0,0.0,0.0,0.0,0.0,0.0,0.0
42,42,42,42,12.6.2021,0.0,0.0,0.0,0.0,0.0,0.0,0.0,0.0
43,43,43,43,13.6.2021,0.0,0.0,0.0,0.0,0.0,0.0,0.0,0.0
44,44,44,44,14.6.2021,0.0,0.0,0.0,0.0,0.0,0.0,0.0,0.0
45,45,45,45,15.6.2021,0.0,0.0,0.0,0.0,0.0,0.0,0.0,0.0
46,46,46,46,16.6.2021,0.0,0.0,0.0,0.0,0.0,0.0,0.0,0.0
47,47,47,47,17.6.2021,0.0,0.0,0.0,0.0,0.0,0.0,0.0,0.0
48,48,48,48,18.6.2021,0.0,0.0,0.0,0.0,0.0,0.0,0.0,0.0
49,49,49,49,19.6.2021,0.0,0.0,0.0,0.0,0.0,0.0,0.0,0.0
50,50,50,50,20.6.2021,0.0,0.0,0.0,0.0,0.0,0.0,0.0,0.0
51,51,51,51,21.6.2021,0.0,0.0,0.0,0.0,0.0,0.0,0.0,0.0
52,52,52,52,22.6.2021,0.0,0.0,0.0,0.0,0.0,0.0,0.0,0.0
53,53,53,53,23.6.2021,0.0,0.0,0.0,0.0,0.0,0.0,0.0,0.0
54,54,54,54,24.6.2021,0.0,0.0,0.0,0.0,0.0,0.0,0.0,0.0
55,55,55,55,25.6.2021,0.0,0.0,0.0,0.0,0.0,0.0,0.0,0.0
56,56,56,56,26.6.2021,0.0,0.0,0.0,0.0,0.0,0.0,0.0,0.0
57,57,57,57,27.6.2021,0.0,0.0,0.0,0.0,0.0,0.0,0.0,0.0
58,58,58,58,28.6.2021,0.0,0.0,0.0,0.0,0.0,0.0,0.0,0.0
59,59,59,59,29.6.2021,0.0,0.0,0.0,0.0,0.0,0.0,0.0,0.0
60,60,60,60,30.6.2021,0.0,0.0,0.0,0.0,0.0,0.0,0.0,0.0
61,61,61,61,1.7.2021,0.0,0.0,0.0,0.0,0.0,0.0,0.0,0.0
62,62,62,62,2.7.2021,0.0,0.0,0.0,0.0,0.0,0.0,0.0,0.0
63,63,63,63,3.7.2021,0.0,0.0,0.0,0.0,0.0,0.0,0.0,0.0
64,64,64,64,4.7.2021,0.0,0.0,0.0,0.0,0.0,0.0,0.0,0.0
65,65,65,65,5.7.2021,0.0,0.0,0.0,0.0,0.0,0.0,0.0,0.0
66,66,66,66,6.7.2021,0.0,0.0,0.0,0.0,0.0,0.0,0.0,0.0
67,67,67,67,7.7.2021,0.0,0.0,0.0,0.0,0.0,0.0,0.0,0.0
68,68,68,68,8.7.2021,0.0,0.0,0.0,0.0,0.0,0.0,0.0,0.0
69,69,69,69,9.7.2021,0.0,0.0,0.0,0.0,0.0,0.0,0.0,0.0
70,70,70,70,10.7.2021,0.0,0.0,0.0,0.0,0.0,0.0,0.0,0.0
71,71,71,71,11.7.2021,0.0,0.0,0.0,0.0,0.0,0.0,0.0,0.0
72,72,72,72,12.7.2021,0.0,0.0,0.0,0.0,0.0,0.0,0.0,0.0
73,73,73,73,13.7.2021,0.0,0.0,0.0,0.0,0.0,0.0,0.0,0.0
74,74,74,74,14.7.2021,0.0,0.0,0.0,0.0,0.0,0.0,0.0,0.0
75,75,75,75,15.7.2021,0.0,0.0,0.0,0.0,0.0,0.0,0.0,0.0
76,76,76,76,16.7.2021,0.0,0.0,0.0,0.0,0.0,0.0,0.0,0.0
77,77,77,77,17.7.2021,0.0,0.0,0.0,0.0,0.0,0.0,0.0,0.0
78,78,78,78,18.7.2021,0.0,0.0,0.0,0.0,0.0,0.0,0.0,0.0
79,79,79,79,19.7.2021,0.0,0.0,0.0,0.0,0.0,0.0,0.0,0.0
80,80,80,80,20.7.2021,0.0,0.0,0.0,0.0,0.0,0.0,0.0,0.0
81,81,81,81,21.7.2021,0.0,0.0,0.0,0.0,0.0,0.0,0.0,0.0
82,82,82,82,22.7.2021,0.0,0.0,0.0,0.0,0.0,0.0,0.0,0.0
83,83,83,83,23.7.2021,0.0,0.0,0.0,0.0,0.0,0.0,0.0,0.0
84,84,84,84,24.7.2021,0.0,0.0,0.0,0.0,0.0,0.0,0.0,0.0
85,85,85,85,25.7.2021,0.0,0.0,0.0,0.0,0.0,0.0,0.0,0.0
86,86,86,86,26.7.2021,0.0,0.0,0.0,0.0,0.0,0.0,0.0,0.0
87,87,87,87,27.7.2021,0.0,0.0,0.0,0.0,0.0,0.0,0.0,0.0
88,88,88,88,28.7.2021,0.0,0.0,0.0,0.0,0.0,0.0,0.0,0.0
89,89,89,89,29.7.2021,0.0,0.0,0.0,0.0,0.0,0.0,0.0,0.0
90,90,90,90,30.7.2021,0.0,0.0,0.0,0.0,0.0,0.0,0.0,0.0
91,91,91,91,31.7.2021,0.0,0.0,0.0,0.0,0.0,0.0,0.0,0.0
92,92,92,92,1.8.2021,0.0,0.0,0.0,0.0,0.0,0.0,0.0,0.0
93,93,93,93,2.8.2021,0.0,0.0,0.0,0.0,0.0,0.0,0.0,0.0
94,94,94,94,3.8.2021,0.0,0.0,0.0,0.0,0.0,0.0,0.0,0.0
95,95,95,95,4.8.2021,0.0,0.0,0.0,0.0,0.0,0.0,0.0,0.0
96,96,96,96,5.8.2021,0.0,0.0,0.0,0.0,0.0,0.0,0.0,0.0
97,97,97,97,6.8.2021,0.0,0.0,0.0,0.0,0.0,0.0,0.0,0.0
98,98,98,98,7.8.2021,0.0,0.0,0.0,0.0,0.0,0.0,0.0,0.0
99,99,99,99,8.8.2021,0.0,0.0,0.0,0.0,0.0,0.0,0.0,0.0
100,100,100,100,9.8.2021,0.0,0.0,0.0,0.0,0.0,0.0,0.0,0.0
101,101,101,101,10.8.2021,0.0,0.0,0.0,0.0,0.0,0.0,0.0,0.0
102,102,102,102,11.8.2021,0.0,0.0,0.0,0.0,0.0,0.0,0.0,0.0
103,103,103,103,12.8.2021,0.0,0.0,0.0,0.0,0.0,0.0,0.0,0.0
104,104,104,104,13.8.2021,0.0,0.0,0.0,0.0,0.0,0.0,0.0,0.0
105,105,105,105,14.8.2021,0.0,0.0,0.0,0.0,0.0,0.0,0.0,0.0
106,106,106,106,15.8.2021,0.0,0.0,0.0,0.0,0.0,0.0,0.0,0.0
107,107,107,107,16.8.2021,0.0,0.0,0.0,0.0,0.0,0.0,0.0,0.0
108,108,108,108,17.8.2021,0.0,0.0,0.0,0.0,0.0,0.0,0.0,0.0
109,109,109,109,18.8.2021,0.0,0.0,0.0,0.0,0.0,0.0,0.0,0.0
110,110,110,110,19.8.2021,0.0,0.0,0.0,0.0,0.0,0.0,0.0,0.0
111,111,111,111,20.8.2021,0.0,0.0,0.0,0.0,0.0,0.0,0.0,0.0
112,112,112,112,21.8.2021,0.0,0.0,0.0,0.0,0.0,0.0,0.0,0.0
113,113,113,113,22.8.2021,0.0,0.0,0.0,0.0,0.0,0.0,0.0,0.0
114,114,114,114,23.8.2021,0.0,0.0,0.0,0.0,0.0,0.0,0.0,0.0
115,115,115,115,24.8.2021,0.0,0.0,0.0,0.0,0.0,0.0,0.0,0.0
116,116,116,116,25.8.2021,0.0,0.0,0.0,0.0,0.0,0.0,0.0,0.0
117,117,117,117,26.8.2021,0.0,0.0,0.0,0.0,0.0,0.0,0.0,0.0
118,118,118,118,27.8.2021,0.0,0.0,0.0,0.0,0.0,0.0,0.0,0.0
119,119,119,119,28.8.2021,0.0,0.0,0.0,0.0,0.0,0.0,0.0,0.0
120,120,120,120,29.8.2021,0.0,0.0,0.0,0.0,0.0,0.0,0.0,0.0
121,121,121,121,30.8.2021,0.0,0.0,0.0,0.0,0.0,0.0,0.0,0.0
122,122,122,122,31.8.2021,0.0,0.0,0.0,0.0,0.0,0.0,0.0,0.0
123,123,123,123,1.9.2021,0.0,0.0,0.0,0.0,0.0,0.0,0.0,0.0
124,124,124,124,2.9.2021,0.0,0.0,0.0,0.0,0.0,0.0,0.0,0.0
125,125,125,125,3.9.2021,0.0,0.0,0.0,0.0,0.0,0.0,0.0,0.0
126,126,126,126,4.9.2021,0.0,0.0,0.0,0.0,0.0,0.0,0.0,0.0
127,127,127,127,5.9.2021,0.0,0.0,0.0,0.0,0.0,0.0,0.0,0.0
128,128,128,128,6.9.2021,0.0,0.0,0.0,0.0,0.0,0.0,0.0,0.0
129,129,129,129,7.9.2021,0.0,0.0,0.0,0.0,0.0,0.0,0.0,0.0
130,130,130,130,8.9.2021,0.0,0.0,0.0,0.0,0.0,0.0,0.0,0.0
131,131,131,131,9.9.2021,0.0,0.0,0.0,0.0,0.0,0.0,0.0,0.0
132,132,132,132,10.9.2021,0.0,0.0,0.0,0.0,0.0,0.0,0.0,0.0
133,133,133,133,11.9.2021,0.0,0.0,0.0,0.0,0.0,0.0,0.0,0.0
134,134,134,134,12.9.2021,0.0,0.0,0.0,0.0,0.0,0.0,0.0,0.0
135,135,135,135,13.9.2021,0.0,0.0,0.0,0.0,0.0,0.0,0.0,0.0
136,136,136,136,14.9.2021,0.0,0.0,0.0,0.0,0.0,0.0,0.0,0.0
137,137,137,137,15.9.2021,0.0,0.0,0.0,0.0,0.0,0.0,0.0,0.0
138,138,138,138,16.9.2021,0.0,0.0,0.0,0.0,0.0,0.0,0.0,0.0
139,139,139,139,17.9.2021,0.0,0.0,0.0,0.0,0.0,0.0,0.0,0.0
140,140,140,140,18.9.2021,0.0,0.0,0.0,0.0,0.0,0.0,0.0,0.0
141,141,141,141,19.9.2021,0.0,0.0,0.0,0.0,0.0,0.0,0.0,0.0
142,142,142,142,20.9.2021,0.0,0.0,0.0,0.0,0.0,0.0,0.0,0.0
143,143,143,143,21.9.2021,0.0,0.0,0.0,0.0,0.0,0.0,0.0,0.0
144,144,144,144,22.9.2021,0.0,0.0,0.0,0.0,0.0,0.0,0.0,0.0
145,145,145,145,23.9.2021,0.0,0.0,0.0,0.0,0.0,0.0,0.0,0.0
146,146,146,146,24.9.2021,0.0,0.0,0.0,0.0,0.0,0.0,0.0,0.0
147,147,147,147,25.9.2021,0.0,0.0,0.0,0.0,0.0,0.0,0.0,0.0
148,148,148,148,26.9.2021,0.0,0.0,0.0,0.0,0.0,0.0,0.0,0.0
149,149,149,149,27.9.2021,0.0,0.0,0.0,0.0,0.0,0.0,0.0,0.0
150,150,150,150,28.9.2021,0.0,0.0,0.0,0.0,0.0,0.0,0.0,0.0
151,151,151,151,29.9.2021,0.0,0.0,0.0,0.0,0.0,0.0,0.0,0.0
152,152,152,152,30.9.2021,0.0,0.0,0.0,0.0,0.0,0.0,0.0,0.0
153,153,153,153,1.10.2021,0.0,0.0,0.0,0.0,0.0,0.0,0.0,0.0
154,154,154,154,2.10.2021,0.0,0.0,0.0,0.0,0.0,0.0,0.0,0.0
155,155,155,155,3.10.2021,0.0,0.0,0.0,0.0,0.0,0.0,0.0,0.0
156,156,156,156,4.10.2021,0.0,0.0,0.0,0.0,0.0,0.0,0.0,0.0
157,157,157,157,5.10.2021,0.0,0.0,0.0,0.0,0.0,0.0,0.0,0.0
158,158,158,158,6.10.2021,0.0,0.0,0.0,0.0,0.0,0.0,0.0,0.0
159,159,159,159,7.10.2021,0.0,0.0,0.0,0.0,0.0,0.0,0.0,0.0
160,160,160,160,8.10.2021,0.0,0.0,0.0,0.0,0.0,0.0,0.0,0.0
161,161,161,161,9.10.2021,0.0,0.0,0.0,0.0,0.0,0.0,0.0,0.0
162,162,162,162,10.10.2021,0.0,0.0,0.0,0.0,0.0,0.0,0.0,0.0
163,163,163,163,11.10.2021,0.0,0.0,0.0,0.0,0.0,0.0,0.0,0.0
164,164,164,164,12.10.2021,0.0,0.0,0.0,0.0,0.0,0.0,0.0,0.0
165,165,165,165,13.10.2021,0.0,0.0,0.0,0.0,0.0,0.0,0.0,0.0
166,166,166,166,14.10.2021,0.0,0.0,0.0,0.0,0.0,0.0,0.0,0.0
167,167,167,167,15.10.2021,0.0,0.0,0.0,0.0,0.0,0.0,0.0,0.0
168,168,168,168,16.10.2021,0.0,0.0,0.0,0.0,0.0,0.0,0.0,0.0
169,169,169,169,17.10.2021,0.0,0.0,0.0,0.0,0.0,0.0,0.0,0.0
170,170,170,170,18.10.2021,0.0,0.0,0.0,0.0,0.0,0.0,0.0,0.0
171,171,171,171,19.10.2021,0.0,0.0,0.0,0.0,0.0,0.0,0.0,0.0
172,172,172,172,20.10.2021,0.0,0.0,0.0,0.0,0.0,0.0,0.0,0.0
173,173,173,173,21.10.2021,0.0,0.0,0.0,0.0,0.0,0.0,0.0,0.0
174,174,174,174,22.10.2021,0.0,0.0,0.0,0.0,0.0,0.0,0.0,0.0
175,175,175,175,23.10.2021,0.0,0.0,0.0,0.0,0.0,0.0,0.0,0.0
176,176,176,176,24.10.2021,0.0,0.0,0.0,0.0,0.0,0.0,0.0,0.0
177,177,177,177,25.10.2021,0.0,0.0,0.0,0.0,0.0,0.0,0.0,0.0
178,178,178,178,26.10.2021,0.0,0.0,0.0,0.0,0.0,0.0,0.0,0.0
179,179,179,179,27.10.2021,0.0,0.0,0.0,0.0,0.0,0.0,0.0,0.0
180,180,180,180,28.10.2021,0.0,0.0,0.0,0.0,0.0,0.0,0.0,0.0
181,181,181,181,29.10.2021,0.0,0.0,0.0,0.0,0.0,0.0,0.0,0.0
182,182,182,182,30.10.2021,0.0,0.0,0.0,0.0,0.0,0.0,0.0,0.0
183,183,183,183,31.10.2021,0.0,0.0,0.0,0.0,0.0,0.0,0.0,0.0
184,184,184,184,1.11.2021,0.0,0.0,0.0,0.0,0.0,0.0,0.0,0.0
185,185,185,185,2.11.2021,0.0,0.0,0.0,0.0,0.0,0.0,0.0,0.0
186,186,186,186,3.11.2021,0.0,0.0,0.0,0.0,0.0,0.0,0.0,0.0
187,187,187,187,4.11.2021,0.0,0.0,0.0,0.0,0.0,0.0,0.0,0.0
188,188,188,188,5.11.2021,0.0,0.0,0.0,0.0,0.0,0.0,0.0,0.0
189,189,189,189,6.11.2021,0.0,0.0,0.0,0.0,0.0,0.0,0.0,0.0
190,190,190,190,7.11.2021,0.0,0.0,0.0,0.0,0.0,0.0,0.0,0.0
191,191,191,191,8.11.2021,0.0,0.0,0.0,0.0,0.0,0.0,0.0,0.0
192,192,192,192,9.11.2021,0.0,0.0,0.0,0.0,0.0,0.0,0.0,0.0
193,193,193,193,10.11.2021,0.0,0.0,0.0,0.0,0.0,0.0,0.0,0.0
194,194,194,194,11.11.2021,0.0,0.0,0.0,0.0,0.0,0.0,0.0,0.0
195,195,195,195,12.11.2021,0.0,0.0,0.0,0.0,0.0,0.0,0.0,0.0
196,196,196,196,13.11.2021,0.0,0.0,0.0,0.0,0.0,0.0,0.0,0.0
197,197,197,197,14.11.2021,0.0,0.0,0.0,0.0,0.0,0.0,0.0,0.0
198,198,198,198,15.11.2021,0.0,0.0,0.0,0.0,0.0,0.0,0.0,0.0
199,199,199,199,16.11.2021,0.0,0.0,0.0,0.0,0.0,0.0,0.0,0.0
200,200,200,200,17.11.2021,0.0,0.0,0.0,0.0,0.0,0.0,0.0,0.0
201,201,201,201,18.11.2021,0.0,0.0,0.0,0.0,0.0,0.0,0.0,0.0
202,202,202,202,19.11.2021,0.0,0.0,0.0,0.0,0.0,0.0,0.0,0.0
203,203,203,203,20.11.2021,0.0,0.0,0.0,0.0,0.0,0.0,0.0,0.0
204,204,204,204,21.11.2021,0.0,0.0,0.0,0.0,0.0,0.0,0.0,0.0
205,205,205,205,22.11.2021,0.0,0.0,0.0,0.0,0.0,0.0,0.0,0.0
206,206,206,206,23.11.2021,0.0,0.0,0.0,0.0,0.0,0.0,0.0,0.0
207,207,207,207,24.11.2021,0.0,0.0,0.0,0.0,0.0,0.0,0.0,0.0
208,208,208,208,25.11.2021,0.0,0.0,0.0,0.0,0.0,0.0,0.0,0.0
209,209,209,209,26.11.2021,0.0,0.0,0.0,0.0,0.0,0.0,0.0,0.0
210,210,210,210,27.11.2021,0.0,0.0,0.0,0.0,0.0,0.0,0.0,0.0
211,211,211,211,28.11.2021,0.0,0.0,0.0,0.0,0.0,0.0,0.0,0.0
212,212,212,212,29.11.2021,0.0,0.0,0.0,0.0,0.0,0.0,0.0,0.0
213,213,213,213,30.11.2021,0.0,0.0,0.0,0.0,0.0,0.0,0.0,0.0
214,214,214,214,1.12.2021,0.0,0.0,0.0,0.0,0.0,0.0,0.0,0.0
215,215,215,215,2.12.2021,0.0,0.0,0.0,0.0,0.0,0.0,0.0,0.0
216,216,216,216,3.12.2021,0.0,0.0,0.0,0.0,0.0,0.0,0.0,0.0
217,217,217,217,4.12.2021,0.0,0.0,0.0,0.0,0.0,0.0,0.0,0.0
218,218,218,218,5.12.2021,0.0,0.0,0.0,0.0,0.0,0.0,0.0,0.0
219,219,219,219,6.12.2021,0.0,0.0,0.0,0.0,0.0,0.0,0.0,0.0
220,220,220,220,7.12.2021,0.0,0.0,0.0,0.0,0.0,0.0,0.0,0.0
221,221,221,221,8.12.2021,0.0,0.0,0.0,0.0,0.0,0.0,0.0,0.0
222,222,222,222,9.12.2021,0.0,0.0,0.0,0.0,0.0,0.0,0.0,0.0
223,223,223,223,10.12.2021,0.0,0.0,0.0,0.0,0.0,0.0,0.0,0.0
224,224,224,224,11.12.2021,0.0,0.0,0.0,0.0,0.0,0.0,0.0,0.0
225,225,225,225,12.12.2021,0.0,0.0,0.0,0.0,0.0,0.0,0.0,0.0
226,226,226,226,13.12.2021,0.0,0.0,0.0,0.0,0.0,0.0,0.0,0.0
227,227,227,227,14.12.2021,0.0,0.0,0.0,0.0,0.0,0.0,0.0,0.0
228,228,228,228,15.12.2021,0.0,0.0,0.0,0.0,0.0,0.0,0.0,0.0
229,229,229,229,16.12.2021,0.0,0.0,0.0,0.0,0.0,0.0,0.0,0.0
230,230,230,230,17.12.2021,0.0,0.0,0.0,0.0,0.0,0.0,0.0,0.0
231,231,231,231,18.12.2021,0.0,0.0,0.0,0.0,0.0,0.0,0.0,0.0
232,232,232,232,19.12.2021,0.0,0.0,0.0,0.0,0.0,0.0,0.0,0.0
233,233,233,233,20.12.2021,0.0,0.0,0.0,0.0,0.0,0.0,0.0,0.0
234,234,234,234,21.12.2021,0.0,0.0,0.0,0.0,0.0,0.0,0.0,0.0
235,235,235,235,22.12.2021,0.0,0.0,0.0,0.0,0.0,0.0,0.0,0.0
236,236,236,236,23.12.2021,0.0,0.0,0.0,0.0,0.0,0.0,0.0,0.0
237,237,237,237,24.12.2021,0.0,0.0,0.0,0.0,0.0,0.0,0.0,0.0
238,238,238,238,25.12.2021,0.0,0.0,0.0,0.0,0.0,0.0,0.0,0.0
239,239,239,239,26.12.2021,0.0,0.0,0.0,0.0,0.0,0.0,0.0,0.0
240,240,240,240,27.12.2021,0.0,0.0,0.0,0.0,0.0,0.0,0.0,0.0
241,241,241,241,28.12.2021,0.0,0.0,0.0,0.0,0.0,0.0,0.0,0.0
242,242,242,242,29.12.2021,0.0,0.0,0.0,0.0,0.0,0.0,0.0,0.0
243,243,243,243,30.12.2021,0.0,0.0,0.0,0.0,0.0,0.0,0.0,0.0
244,244,244,244,31.12.2021,0.0,0.0,0.0,0.0,0.0,0.0,0.0,0.0
245,245,245,245,1.1.2022,0.0,0.0,0.0,0.0,0.0,0.0,0.0,0.0
246,246,246,246,2.1.2022,0.0,0.0,0.0,0.0,0.0,0.0,0.0,0.0
247,247,247,247,3.1.2022,0.0,0.0,0.0,0.0,0.0,0.0,0.0,0.0
248,248,248,248,4.1.2022,0.0,0.0,0.0,0.0,0.0,0.0,0.0,0.0
249,249,249,249,5.1.2022,0.0,0.0,0.0,0.0,0.0,0.0,0.0,0.0
250,250,250,250,6.1.2022,0.0,0.0,0.0,0.0,0.0,0.0,0.0,0.0
251,251,251,251,7.1.2022,0.0,0.0,0.0,0.0,0.0,0.0,0.0,0.0
252,252,252,252,8.1.2022,0.0,0.0,0.0,0.0,0.0,0.0,0.0,0.0
253,253,253,253,9.1.2022,0.0,0.0,0.0,0.0,0.0,0.0,0.0,0.0
254,254,254,254,10.1.2022,0.0,0.0,0.0,0.0,0.0,0.0,0.0,0.0
255,255,255,255,11.1.2022,0.0,0.0,0.0,0.0,0.0,0.0,0.0,0.0
256,256,256,256,12.1.2022,0.0,0.0,0.0,0.0,0.0,0.0,0.0,0.0
257,257,257,257,13.1.2022,0.0,0.0,0.0,0.0,0.0,0.0,0.0,0.0
258,258,258,258,14.1.2022,0.0,0.0,0.0,0.0,0.0,0.0,0.0,0.0
259,259,259,259,15.1.2022,0.0,0.0,0.0,0.0,0.0,0.0,0.0,0.0
260,260,260,260,16.1.2022,0.0,0.0,0.0,0.0,0.0,0.0,0.0,0.0
261,261,261,261,17.1.2022,0.0,0.0,0.0,0.0,0.0,0.0,0.0,0.0
262,262,262,262,18.1.2022,0.0,0.0,0.0,0.0,0.0,0.0,0.0,0.0
263,263,263,263,19.1.2022,0.0,0.0,0.0,0.0,0.0,0.0,0.0,0.0
264,264,264,264,20.1.2022,0.0,0.0,0.0,0.0,0.0,0.0,0.0,0.0
265,265,265,265,21.1.2022,0.0,0.0,0.0,0.0,0.0,0.0,0.0,0.0
266,266,266,266,22.1.2022,0.0,0.0,0.0,0.0,0.0,0.0,0.0,0.0
267,267,267,267,23.1.2022,0.0,0.0,0.0,0.0,0.0,0.0,0.0,0.0
268,268,268,268,24.1.2022,0.0,0.0,0.0,0.0,0.0,0.0,0.0,0.0
269,269,269,269,25.1.2022,0.0,0.0,0.0,0.0,0.0,0.0,0.0,0.0
270,270,270,270,26.1.2022,0.0,0.0,0.0,0.0,0.0,0.0,0.0,0.0
271,271,271,271,27.1.2022,0.0,0.0,0.0,0.0,0.0,0.0,0.0,0.0
272,272,272,272,28.1.2022,0.0,0.0,0.0,0.0,0.0,0.0,0.0,0.0
273,273,273,273,29.1.2022,0.0,0.0,0.0,0.0,0.0,0.0,0.0,0.0
274,274,274,274,30.1.2022,0.0,0.0,0.0,0.0,0.0,0.0,0.0,0.0
275,275,275,275,31.1.2022,0.0,0.0,0.0,0.0,0.0,0.0,0.0,0.0
276,276,276,276,1.2.2022,0.0,0.0,0.0,0.0,0.0,0.0,0.0,0.0
277,277,277,277,2.2.2022,0.0,0.0,0.0,0.0,0.0,0.0,0.0,0.0
278,278,278,278,3.2.2022,0.0,0.0,0.0,0.0,0.0,0.0,0.0,0.0
279,279,279,279,4.2.2022,0.0,0.0,0.0,0.0,0.0,0.0,0.0,0.0
280,280,280,280,5.2.2022,0.0,0.0,0.0,0.0,0.0,0.0,0.0,0.0
281,281,281,281,6.2.2022,0.0,0.0,0.0,0.0,0.0,0.0,0.0,0.0
282,282,282,282,7.2.2022,0.0,0.0,0.0,0.0,0.0,0.0,0.0,0.0
283,283,283,283,8.2.2022,0.0,0.0,0.0,0.0,0.0,0.0,0.0,0.0
284,284,284,284,9.2.2022,0.0,0.0,0.0,0.0,0.0,0.0,0.0,0.0
285,285,285,285,10.2.2022,0.0,0.0,0.0,0.0,0.0,0.0,0.0,0.0
286,286,286,286,11.2.2022,0.0,0.0,0.0,0.0,0.0,0.0,0.0,0.0
287,287,287,287,12.2.2022,0.0,0.0,0.0,0.0,0.0,0.0,0.0,0.0
288,288,288,288,13.2.2022,0.0,0.0,0.0,0.0,0.0,0.0,0.0,0.0
289,289,289,289,14.2.2022,0.0,0.0,0.0,0.0,0.0,0.0,0.0,0.0
290,290,290,290,15.2.2022,0.0,0.0,0.0,0.0,0.0,0.0,0.0,0.0
291,291,291,291,16.2.2022,0.0,0.0,0.0,0.0,0.0,0.0,0.0,0.0
292,292,292,292,17.2.2022,0.0,0.0,0.0,0.0,0.0,0.0,0.0,0.0
293,293,293,293,18.2.2022,0.0,0.0,0.0,0.0,0.0,0.0,0.0,0.0
294,294,294,294,19.2.2022,0.0,0.0,0.0,0.0,0.0,0.0,0.0,0.0
295,295,295,295,20.2.2022,0.0,0.0,0.0,0.0,0.0,0.0,0.0,0.0
296,296,296,296,21.2.2022,0.0,0.0,0.0,0.0,0.0,0.0,0.0,0.0
297,297,297,297,22.2.2022,0.0,0.0,0.0,0.0,0.0,0.0,0.0,0.0
298,298,298,298,23.2.2022,0.0,0.0,0.0,0.0,0.0,0.0,0.0,0.0
299,299,299,299,24.2.2022,0.0,0.0,0.0,0.0,0.0,0.0,0.0,0.0
300,300,300,300,25.2.2022,0.0,0.0,0.0,0.0,0.0,0.0,0.0,0.0
301,301,301,301,26.2.2022,0.0,0.0,0.0,0.0,0.0,0.0,0.0,0.0
302,302,302,302,27.2.2022,0.0,0.0,0.0,0.0,0.0,0.0,0.0,0.0
303,303,303,303,28.2.2022,0.0,0.0,0.0,0.0,0.0,0.0,0.0,0.0
304,304,304,304,1.3.2022,0.0,0.0,0.0,0.0,0.0,0.0,0.0,0.0
305,305,305,305,2.3.2022,0.0,0.0,0.0,0.0,0.0,0.0,0.0,0.0
306,306,306,306,3.3.2022,0.0,0.0,0.0,0.0,0.0,0.0,0.0,0.0
307,307,307,307,4.3.2022,0.0,0.0,0.0,0.0,0.0,0.0,0.0,0.0
308,308,308,308,5.3.2022,0.0,0.0,0.0,0.0,0.0,0.0,0.0,0.0
309,309,309,309,6.3.2022,0.0,0.0,0.0,0.0,0.0,0.0,0.0,0.0
310,310,310,310,7.3.2022,0.0,0.0,0.0,0.0,0.0,0.0,0.0,0.0
311,311,311,311,8.3.2022,0.0,0.0,0.0,0.0,0.0,0.0,0.0,0.0
312,312,312,312,9.3.2022,0.0,0.0,0.0,0.0,0.0,0.0,0.0,0.0
313,313,313,313,10.3.2022,0.0,0.0,0.0,0.0,0.0,0.0,0.0,0.0
314,314,314,314,11.3.2022,0.0,0.0,0.0,0.0,0.0,0.0,0.0,0.0
315,315,315,315,12.3.2022,0.0,0.0,0.0,0.0,0.0,0.0,0.0,0.0
316,316,316,316,13.3.2022,0.0,0.0,0.0,0.0,0.0,0.0,0.0,0.0
317,317,317,317,14.3.2022,0.0,0.0,0.0,0.0,0.0,0.0,0.0,0.0
318,318,318,318,15.3.2022,0.0,0.0,0.0,0.0,0.0,0.0,0.0,0.0
319,319,319,319,16.3.2022,0.0,0.0,0.0,0.0,0.0,0.0,0.0,0.0
320,320,320,320,17.3.2022,0.0,0.0,0.0,0.0,0.0,0.0,0.0,0.0
321,321,321,321,18.3.2022,0.0,0.0,0.0,0.0,0.0,0.0,0.0,0.0
322,322,322,322,19.3.2022,0.0,0.0,0.0,0.0,0.0,0.0,0.0,0.0
323,323,323,323,20.3.2022,0.0,0.0,0.0,0.0,0.0,0.0,0.0,0.0
324,324,324,324,21.3.2022,0.0,0.0,0.0,0.0,0.0,0.0,0.0,0.0
325,325,325,325,22.3.2022,0.0,0.0,0.0,0.0,0.0,0.0,0.0,0.0
326,326,326,326,23.3.2022,0.0,0.0,0.0,0.0,0.0,0.0,0.0,0.0
327,327,327,327,24.3.2022,0.0,0.0,0.0,0.0,0.0,0.0,0.0,0.0
328,328,328,328,25.3.2022,0.0,0.0,0.0,0.0,0.0,0.0,0.0,0.0
329,329,329,329,26.3.2022,0.0,0.0,0.0,0.0,0.0,0.0,0.0,0.0
330,330,330,330,27.3.2022,0.0,0.0,0.0,0.0,0.0,0.0,0.0,0.0
331,331,331,331,28.3.2022,0.0,0.0,0.0,0.0,0.0,0.0,0.0,0.0
332,332,332,332,29.3.2022,0.0,0.0,0.0,0.0,0.0,0.0,0.0,0.0
333,333,333,333,30.3.2022,0.0,0.0,0.0,0.0,0.0,0.0,0.0,0.0
334,334,334,334,31.3.2022,0.0,0.0,0.0,0.0,0.0,0.0,0.0,0.0
335,335,335,335,1.4.2022,0.0,0.0,0.0,0.0,0.0,0.0,0.0,0.0
336,336,336,336,2.4.2022,0.0,0.0,0.0,0.0,0.0,0.0,0.0,0.0
337,337,337,337,3.4.2022,0.0,0.0,0.0,0.0,0.0,0.0,0.0,0.0
338,338,338,338,4.4.2022,0.0,0.0,0.0,0.0,0.0,0.0,0.0,0.0
339,339,339,339,5.4.2022,0.0,0.0,0.0,0.0,0.0,0.0,0.0,0.0
340,340,340,340,6.4.2022,0.0,0.0,0.0,0.0,0.0,0.0,0.0,0.0
341,341,341,341,7.4.2022,0.0,0.0,0.0,0.0,0.0,0.0,0.0,0.0
342,342,342,342,8.4.2022,0.0,0.0,0.0,0.0,0.0,0.0,0.0,0.0
343,343,343,343,9.4.2022,0.0,0.0,0.0,0.0,0.0,0.0,0.0,0.0
344,344,344,344,10.4.2022,0.0,0.0,0.0,0.0,0.0,0.0,0.0,0.0
345,345,345,345,11.4.2022,0.0,0.0,0.0,0.0,0.0,0.0,0.0,0.0
346,346,346,346,12.4.2022,0.0,0.0,0.0,0.0,0.0,0.0,0.0,0.0
347,347,347,347,13.4.2022,0.0,0.0,0.0,0.0,0.0,0.0,0.0,0.0
348,348,348,348,14.4.2022,0.0,0.0,0.0,0.0,0.0,0.0,0.0,0.0
349,349,349,349,15.4.2022,0.0,0.0,0.0,0.0,0.0,0.0,0.0,0.0
350,350,350,350,16.4.2022,0.0,0.0,0.0,0.0,0.0,0.0,0.0,0.0
351,351,351,351,17.4.2022,0.0,0.0,0.0,0.0,0.0,0.0,0.0,0.0
352,352,352,352,18.4.2022,0.0,0.0,0.0,0.0,0.0,0.0,0.0,0.0
353,353,353,353,19.4.2022,0.0,0.0,0.0,0.0,0.0,0.0,0.0,0.0
354,354,354,354,20.4.2022,0.0,0.0,0.0,0.0,0.0,0.0,0.0,0.0
355,355,355,355,21.4.2022,0.0,0.0,0.0,0.0,0.0,0.0,0.0,0.0
356,356,356,356,22.4.2022,0.0,0.0,0.0,0.0,0.0,0.0,0.0,0.0
357,357,357,357,23.4.2022,0.0,0.0,0.0,0.0,0.0,0.0,0.0,0.0
358,358,358,358,24.4.2022,0.0,0.0,0.0,0.0,0.0,0.0,0.0,0.0
359,359,359,359,25.4.2022,0.0,0.0,0.0,0.0,0.0,0.0,0.0,0.0
360,360,360,360,26.4.2022,0.0,0.0,0.0,0.0,0.0,0.0,0.0,0.0
361,361,361,361,27.4.2022,0.0,0.0,0.0,0.0,0.0,0.0,0.0,0.0
362,362,362,362,28.4.2022,0.0,0.0,0.0,0.0,0.0,0.0,0.0,0.0
363,363,363,363,29.4.2022,0.0,0.0,0.0,0.0,0.0,0.0,0.0,0.0
364,364,364,364,30.4.2022,0.0,0.0,0.0,0.0,0.0,0.0,0.0,0.0
365,365,365,365,1.5.2022,0.0,0.0,0.0,0.0,0.0,0.0,0.0,0.0
366,366,366,366,2.5.2022,0.0,0.0,0.0,0.0,0.0,0.0,0.0,0.0
367,367,367,367,3.5.2022,0.0,0.0,0.0,0.0,0.0,0.0,0.0,0.0
368,368,368,368,4.5.2022,0.0,0.0,0.0,0.0,0.0,0.0,0.0,0.0
369,369,369,369,5.5.2022,0.0,0.0,0.0,0.0,0.0,0.0,0.0,0.0
370,370,370,370,6.5.2022,0.0,0.0,0.0,0.0,0.0,0.0,0.0,0.0
371,371,371,371,7.5.2022,0.0,0.0,0.0,0.0,0.0,0.0,0.0,0.0
372,372,372,372,8.5.2022,0.0,0.0,0.0,0.0,0.0,0.0,0.0,0.0
373,373,373,373,9.5.2022,0.0,0.0,0.0,0.0,0.0,0.0,0.0,0.0
374,374,374,374,10.5.2022,0.0,0.0,0.0,0.0,0.0,0.0,0.0,0.0
375,375,375,375,11.5.2022,0.0,0.0,0.0,0.0,0.0,0.0,0.0,0.0
376,376,376,376,12.5.2022,0.0,0.0,0.0,0.0,0.0,0.0,0.0,0.0
377,377,377,377,13.5.2022,0.0,0.0,0.0,0.0,0.0,0.0,0.0,0.0
378,378,378,378,14.5.2022,0.0,0.0,0.0,0.0,0.0,0.0,0.0,0.0
379,379,379,379,15.5.2022,0.0,0.0,0.0,0.0,0.0,0.0,0.0,0.0
380,380,380,380,16.5.2022,0.0,0.0,0.0,0.0,0.0,0.0,0.0,0.0
381,381,381,381,17.5.2022,0.0,0.0,0.0,0.0,0.0,0.0,0.0,0.0
382,382,382,382,18.5.2022,0.0,0.0,0.0,0.0,0.0,0.0,0.0,0.0
383,383,383,383,19.5.2022,0.0,0.0,0.0,0.0,0.0,0.0,0.0,0.0
384,384,384,384,20.5.2022,0.0,0.0,0.0,0.0,0.0,0.0,0.0,0.0
385,385,385,385,21.5.2022,0.0,0.0,0.0,0.0,0.0,0.0,0.0,0.0
386,386,386,386,22.5.2022,0.0,0.0,0.0,0.0,0.0,0.0,0.0,0.0
387,387,387,387,23.5.2022,0.0,0.0,0.0,0.0,0.0,0.0,0.0,0.0
388,388,388,388,24.5.2022,0.0,0.0,0.0,0.0,0.0,0.0,0.0,0.0
389,389,389,389,25.5.2022,0.0,0.0,0.0,0.0,0.0,0.0,0.0,0.0
390,390,390,390,26.5.2022,0.0,0.0,0.0,0.0,0.0,0.0,0.0,0.0
391,391,391,391,27.5.2022,0.0,0.0,0.0,0.0,0.0,0.0,0.0,0.0
392,392,392,392,28.5.2022,0.0,0.0,0.0,0.0,0.0,0.0,0.0,0.0
393,393,393,393,29.5.2022,0.0,0.0,0.0,0.0,0.0,0.0,0.0,0.0
394,394,394,394,30.5.2022,0.0,0.0,0.0,0.0,0.0,0.0,0.0,0.0
395,395,395,395,31.5.2022,0.0,0.0,0.0,0.0,0.0,0.0,0.0,0.0
396,396,396,396,1.6.2022,0.0,0.0,0.0,0.0,0.0,0.0,0.0,0.0
397,397,397,397,2.6.2022,0.0,0.0,0.0,0.0,0.0,0.0,0.0,0.0
398,398,398,398,3.6.2022,0.0,0.0,0.0,0.0,0.0,0.0,0.0,0.0
399,399,399,399,4.6.2022,0.0,0.0,0.0,0.0,0.0,0.0,0.0,0.0
400,400,400,400,5.6.2022,0.0,0.0,0.0,0.0,0.0,0.0,0.0,0.0
401,401,401,401,6.6.2022,0.0,0.0,0.0,0.0,0.0,0.0,0.0,0.0
402,402,402,402,7.6.2022,0.0,0.0,0.0,0.0,0.0,0.0,0.0,0.0
403,403,403,403,8.6.2022,0.0,0.0,0.0,0.0,0.0,0.0,0.0,0.0
404,404,404,404,9.6.2022,0.0,0.0,0.0,0.0,0.0,0.0,0.0,0.0
405,405,405,405,10.6.2022,0.0,0.0,0.0,0.0,0.0,0.0,0.0,0.0
406,406,406,406,11.6.2022,0.0,0.0,0.0,0.0,0.0,0.0,0.0,0.0
407,407,407,407,12.6.2022,0.0,0.0,0.0,0.0,0.0,0.0,0.0,0.0
408,408,408,408,13.6.2022,0.0,0.0,0.0,0.0,0.0,0.0,0.0,0.0
409,409,409,409,14.6.2022,0.0,0.0,0.0,0.0,0.0,0.0,0.0,0.0
410,410,410,410,15.6.2022,0.0,0.0,0.0,0.0,0.0,0.0,0.0,0.0
411,411,411,411,16.6.2022,0.0,0.0,0.0,0.0,0.0,0.0,0.0,0.0
412,412,412,412,17.6.2022,0.0,0.0,0.0,0.0,0.0,0.0,0.0,0.0
413,413,413,413,18.6.2022,0.0,0.0,0.0,0.0,0.0,0.0,0.0,0.0
414,414,414,414,19.6.2022,0.0,0.0,0.0,0.0,0.0,0.0,0.0,0.0
415,415,415,415,20.6.2022,0.0,0.0,0.0,0.0,0.0,0.0,0.0,0.0
416,416,416,416,21.6.2022,0.0,0.0,0.0,0.0,0.0,0.0,0.0,0.0
417,417,417,417,22.6.2022,0.0,0.0,0.0,0.0,0.0,0.0,0.0,0.0
418,418,418,418,23.6.2022,0.0,0.0,0.0,0.0,0.0,0.0,0.0,0.0
419,419,419,419,24.6.2022,0.0,0.0,0.0,0.0,0.0,0.0,0.0,0.0
420,420,420,420,25.6.2022,0.0,0.0,0.0,0.0,0.0,0.0,0.0,0.0
421,421,421,421,26.6.2022,0.0,0.0,0.0,0.0,0.0,0.0,0.0,0.0
422,422,422,422,27.6.2022,0.0,0.0,0.0,0.0,0.0,0.0,0.0,0.0
423,423,423,423,28.6.2022,0.0,0.0,0.0,0.0,0.0,0.0,0.0,0.0
424,424,424,424,29.6.2022,0.0,0.0,0.0,0.0,0.0,0.0,0.0,0.0
425,425,425,425,30.6.2022,0.0,0.0,0.0,0.0,0.0,0.0,0.0,0.0
426,426,426,426,1.7.2022,0.0,0.0,0.0,0.0,0.0,0.0,0.0,0.0
427,427,427,427,2.7.2022,0.0,0.0,0.0,0.0,0.0,0.0,0.0,0.0
428,428,428,428,3.7.2022,0.0,0.0,0.0,0.0,0.0,0.0,0.0,0.0
429,429,429,429,4.7.2022,0.0,0.0,0.0,0.0,0.0,0.0,0.0,0.0
430,430,430,430,5.7.2022,0.0,0.0,0.0,0.0,0.0,0.0,0.0,0.0
431,431,431,431,6.7.2022,0.0,0.0,0.0,0.0,0.0,0.0,0.0,0.0
432,432,432,432,7.7.2022,0.0,0.0,0.0,0.0,0.0,0.0,0.0,0.0
433,433,433,433,8.7.2022,0.0,0.0,0.0,0.0,0.0,0.0,0.0,0.0
434,434,434,434,9.7.2022,0.0,0.0,0.0,0.0,0.0,0.0,0.0,0.0
435,435,435,435,10.7.2022,0.0,0.0,0.0,0.0,0.0,0.0,0.0,0.0
436,436,436,436,11.7.2022,0.0,0.0,0.0,0.0,0.0,0.0,0.0,0.0
437,437,437,437,12.7.2022,0.0,0.0,0.0,0.0,0.0,0.0,0.0,0.0
438,438,438,438,13.7.2022,0.0,0.0,0.0,0.0,0.0,0.0,0.0,0.0
439,439,439,439,14.7.2022,0.0,0.0,0.0,0.0,0.0,0.0,0.0,0.0
440,440,440,440,15.7.2022,0.0,0.0,0.0,0.0,0.0,0.0,0.0,0.0
441,441,441,441,16.7.2022,0.0,0.0,0.0,0.0,0.0,0.0,0.0,0.0
442,442,442,442,17.7.2022,0.0,0.0,0.0,0.0,0.0,0.0,0.0,0.0
443,443,443,443,18.7.2022,0.0,0.0,0.0,0.0,0.0,0.0,0.0,0.0
444,444,444,444,19.7.2022,0.0,0.0,0.0,0.0,0.0,0.0,0.0,0.0
445,445,445,445,20.7.2022,0.0,0.0,0.0,0.0,0.0,0.0,0.0,0.0
446,446,446,446,21.7.2022,0.0,0.0,0.0,0.0,0.0,0.0,0.0,0.0
447,447,447,447,22.7.2022,0.0,0.0,0.0,0.0,0.0,0.0,0.0,0.0
448,448,448,448,23.7.2022,0.0,0.0,0.0,0.0,0.0,0.0,0.0,0.0
449,449,449,449,24.7.2022,0.0,0.0,0.0,0.0,0.0,0.0,0.0,0.0
450,450,450,450,25.7.2022,0.0,0.0,0.0,0.0,0.0,0.0,0.0,0.0
451,451,451,451,26.7.2022,0.0,0.0,0.0,0.0,0.0,0.0,0.0,0.0
452,452,452,452,27.7.2022,0.0,0.0,0.0,0.0,0.0,0.0,0.0,0.0
453,453,453,453,28.7.2022,0.0,0.0,0.0,0.0,0.0,0.0,0.0,0.0
454,454,454,454,29.7.2022,0.0,0.0,0.0,0.0,0.0,0.0,0.0,0.0
455,455,455,455,30.7.2022,0.0,0.0,0.0,0.0,0.0,0.0,0.0,0.0
456,456,456,456,31.7.2022,0.0,0.0,0.0,0.0,0.0,0.0,0.0,0.0
457,457,457,457,1.8.2022,0.0,0.0,0.0,0.0,0.0,0.0,0.0,0.0
458,458,458,458,2.8.2022,0.0,0.0,0.0,0.0,0.0,0.0,0.0,0.0
459,459,459,459,3.8.2022,0.0,0.0,0.0,0.0,0.0,0.0,0.0,0.0
460,460,460,460,4.8.2022,0.0,0.0,0.0,0.0,0.0,0.0,0.0,0.0
461,461,461,461,5.8.2022,0.0,0.0,0.0,0.0,0.0,0.0,0.0,0.0
462,462,462,462,6.8.2022,0.0,0.0,0.0,0.0,0.0,0.0,0.0,0.0
463,463,463,463,7.8.2022,0.0,0.0,0.0,0.0,0.0,0.0,0.0,0.0
464,464,464,464,8.8.2022,0.0,0.0,0.0,0.0,0.0,0.0,0.0,0.0
465,465,465,465,9.8.2022,0.0,0.0,0.0,0.0,0.0,0.0,0.0,0.0
466,466,466,466,10.8.2022,0.0,0.0,0.0,0.0,0.0,0.0,0.0,0.0
467,467,467,467,11.8.2022,0.0,0.0,0.0,0.0,0.0,0.0,0.0,0.0
468,468,468,468,12.8.2022,0.0,0.0,0.0,0.0,0.0,0.0,0.0,0.0
469,469,469,469,13.8.2022,0.0,0.0,0.0,0.0,0.0,0.0,0.0,0.0
470,470,470,470,14.8.2022,0.0,0.0,0.0,0.0,0.0,0.0,0.0,0.0
471,471,471,471,15.8.2022,0.0,0.0,0.0,0.0,0.0,0.0,0.0,0.0
472,472,472,472,16.8.2022,0.0,0.0,0.0,0.0,0.0,0.0,0.0,0.0
473,473,473,473,17.8.2022,0.0,0.0,0.0,0.0,0.0,0.0,0.0,0.0
474,474,474,474,18.8.2022,0.0,0.0,0.0,0.0,0.0,0.0,0.0,0.0
475,475,475,475,19.8.2022,0.0,0.0,0.0,0.0,0.0,0.0,0.0,0.0
476,476,476,476,20.8.2022,0.0,0.0,0.0,0.0,0.0,0.0,0.0,0.0
477,477,477,477,21.8.2022,0.0,0.0,0.0,0.0,0.0,0.0,0.0,0.0
478,478,478,478,22.8.2022,0.0,0.0,0.0,0.0,0.0,0.0,0.0,0.0
479,479,479,479,23.8.2022,0.0,0.0,0.0,0.0,0.0,0.0,0.0,0.0
480,480,480,480,24.8.2022,0.0,0.0,0.0,0.0,0.0,0.0,0.0,0.0
481,481,481,481,25.8.2022,0.0,0.0,0.0,0.0,0.0,0.0,0.0,0.0
482,482,482,482,26.8.2022,0.0,0.0,0.0,0.0,0.0,0.0,0.0,0.0
483,483,483,483,27.8.2022,0.0,0.0,0.0,0.0,0.0,0.0,0.0,0.0
484,484,484,484,28.8.2022,0.0,0.0,0.0,0.0,0.0,0.0,0.0,0.0
485,485,485,485,29.8.2022,0.0,0.0,0.0,0.0,0.0,0.0,0.0,0.0
486,486,486,486,30.8.2022,0.0,0.0,0.0,0.0,0.0,0.0,0.0,0.0
487,487,487,487,31.8.2022,0.0,0.0,0.0,0.0,0.0,0.0,0.0,0.0
488,488,488,488,1.9.2022,0.0,0.0,0.0,0.0,0.0,0.0,0.0,0.0
489,489,489,489,2.9.2022,0.0,0.0,0.0,0.0,0.0,0.0,0.0,0.0
490,490,490,490,3.9.2022,0.0,0.0,0.0,0.0,0.0,0.0,0.0,0.0
491,491,491,491,4.9.2022,0.0,0.0,0.0,0.0,0.0,0.0,0.0,0.0
492,492,492,492,5.9.2022,0.0,0.0,0.0,0.0,0.0,0.0,0.0,0.0
493,493,493,493,6.9.2022,0.0,0.0,0.0,0.0,0.0,0.0,0.0,0.0
494,494,494,494,7.9.2022,0.0,0.0,0.0,0.0,0.0,0.0,0.0,0.0
495,495,495,495,8.9.2022,0.0,0.0,0.0,0.0,0.0,0.0,0.0,0.0
496,496,496,496,9.9.2022,0.0,0.0,0.0,0.0,0.0,0.0,0.0,0.0
497,497,497,497,10.9.2022,0.0,0.0,0.0,0.0,0.0,0.0,0.0,0.0
498,498,498,498,11.9.2022,0.0,0.0,0.0,0.0,0.0,0.0,0.0,0.0
499,499,499,499,12.9.2022,0.0,0.0,0.0,0.0,0.0,0.0,0.0,0.0
500,500,500,500,13.9.2022,0.0,0.0,0.0,0.0,0.0,0.0,0.0,0.0
501,501,501,501,14.9.2022,0.0,0.0,0.0,0.0,0.0,0.0,0.0,0.0
502,502,502,502,15.9.2022,0.0,0.0,0.0,0.0,0.0,0.0,0.0,0.0
503,503,503,503,16.9.2022,0.0,0.0,0.0,0.0,0.0,0.0,0.0,0.0
504,504,504,504,17.9.2022,0.0,0.0,0.0,0.0,0.0,0.0,0.0,0.0
505,505,505,505,18.9.2022,0.0,0.0,0.0,0.0,0.0,0.0,0.0,0.0
506,506,506,506,19.9.2022,0.0,0.0,0.0,0.0,0.0,0.0,0.0,0.0
507,507,507,507,20.9.2022,0.0,0.0,0.0,0.0,0.0,0.0,0.0,0.0
508,508,508,508,21.9.2022,0.0,0.0,0.0,0.0,0.0,0.0,0.0,0.0
509,509,509,509,22.9.2022,0.0,0.0,0.0,0.0,0.0,0.0,0.0,0.0
510,510,510,510,23.9.2022,0.0,0.0,0.0,0.0,0.0,0.0,0.0,0.0
511,511,511,511,24.9.2022,0.0,0.0,0.0,0.0,0.0,0.0,0.0,0.0
512,512,512,512,25.9.2022,0.0,0.0,0.0,0.0,0.0,0.0,0.0,0.0
513,513,513,513,26.9.2022,0.0,0.0,0.0,0.0,0.0,0.0,0.0,0.0
514,514,514,514,27.9.2022,0.0,0.0,0.0,0.0,0.0,0.0,0.0,0.0
515,515,515,515,28.9.2022,0.0,0.0,0.0,0.0,0.0,0.0,0.0,0.0
516,516,516,516,29.9.2022,0.0,0.0,0.0,0.0,0.0,0.0,0.0,0.0
517,517,517,517,30.9.2022,0.0,0.0,0.0,0.0,0.0,0.0,0.0,0.0
518,518,518,518,1.10.2022,0.0,0.0,0.0,0.0,0.0,0.0,0.0,0.0
519,519,519,519,2.10.2022,0.0,0.0,0.0,0.0,0.0,0.0,0.0,0.0
520,520,520,520,3.10.2022,0.0,0.0,0.0,0.0,0.0,0.0,0.0,0.0
521,521,521,521,4.10.2022,0.0,0.0,0.0,0.0,0.0,0.0,0.0,0.0
522,522,522,522,5.10.2022,0.0,0.0,0.0,0.0,0.0,0.0,0.0,0.0
523,523,523,523,6.10.2022,0.0,0.0,0.0,0.0,0.0,0.0,0.0,0.0
524,524,524,524,7.10.2022,0.0,0.0,0.0,0.0,0.0,0.0,0.0,0.0
525,525,525,525,8.10.2022,0.0,0.0,0.0,0.0,0.0,0.0,0.0,0.0
526,526,526,526,9.10.2022,0.0,0.0,0.0,0.0,0.0,0.0,0.0,0.0
527,527,527,527,10.10.2022,0.0,0.0,0.0,0.0,0.0,0.0,0.0,0.0
528,528,528,528,11.10.2022,0.0,0.0,0.0,0.0,0.0,0.0,0.0,0.0
529,529,529,529,12.10.2022,0.0,0.0,0.0,0.0,0.0,0.0,0.0,0.0
530,530,530,530,13.10.2022,0.0,0.0,0.0,0.0,0.0,0.0,0.0,0.0
531,531,531,531,14.10.2022,0.0,0.0,0.0,0.0,0.0,0.0,0.0,0.0
532,532,532,532,15.10.2022,0.0,0.0,0.0,0.0,0.0,0.0,0.0,0.0
533,533,533,533,16.10.2022,0.0,0.0,0.0,0.0,0.0,0.0,0.0,0.0
534,534,534,534,17.10.2022,0.0,0.0,0.0,0.0,0.0,0.0,0.0,0.0
535,535,535,535,18.10.2022,0.0,0.0,0.0,0.0,0.0,0.0,0.0,0.0
536,536,536,536,19.10.2022,0.0,0.0,0.0,0.0,0.0,0.0,0.0,0.0
537,537,537,537,20.10.2022,0.0,0.0,0.0,0.0,0.0,0.0,0.0,0.0
538,538,538,538,21.10.2022,0.0,0.0,0.0,0.0,0.0,0.0,0.0,0.0
539,539,539,539,22.10.2022,0.0,0.0,0.0,0.0,0.0,0.0,0.0,0.0
540,540,540,540,23.10.2022,0.0,0.0,0.0,0.0,0.0,0.0,0.0,0.0
541,541,541,541,24.10.2022,0.0,0.0,0.0,0.0,0.0,0.0,0.0,0.0
542,542,542,542,25.10.2022,0.0,0.0,0.0,0.0,0.0,0.0,0.0,0.0
543,543,543,543,26.10.2022,0.0,0.0,0.0,0.0,0.0,0.0,0.0,0.0
544,544,544,544,27.10.2022,0.0,0.0,0.0,0.0,0.0,0.0,0.0,0.0
545,545,545,545,28.10.2022,0.0,0.0,0.0,0.0,0.0,0.0,0.0,0.0
546,546,546,546,29.10.2022,0.0,0.0,0.0,0.0,0.0,0.0,0.0,0.0
547,547,547,547,30.10.2022,0.0,0.0,0.0,0.0,0.0,0.0,0.0,0.0
548,548,548,548,31.10.2022,0.0,0.0,0.0,0.0,0.0,0.0,0.0,0.0
549,549,549,549,1.11.2022,0.0,0.0,0.0,0.0,0.0,0.0,0.0,0.0
550,550,550,550,2.11.2022,0.0,0.0,0.0,0.0,0.0,0.0,0.0,0.0
551,551,551,551,3.11.2022,0.0,0.0,0.0,0.0,0.0,0.0,0.0,0.0
552,552,552,552,4.11.2022,0.0,0.0,0.0,0.0,0.0,0.0,0.0,0.0
553,553,553,553,5.11.2022,0.0,0.0,0.0,0.0,0.0,0.0,0.0,0.0
554,554,554,554,6.11.2022,0.0,0.0,0.0,0.0,0.0,0.0,0.0,0.0
555,555,555,555,7.11.2022,0.0,0.0,0.0,0.0,0.0,0.0,0.0,0.0
556,556,556,556,8.11.2022,0.0,0.0,0.0,0.0,0.0,0.0,0.0,0.0
557,557,557,557,9.11.2022,0.0,0.0,0.0,0.0,0.0,0.0,0.0,0.0
558,558,558,558,10.11.2022,0.0,0.0,0.0,0.0,0.0,0.0,0.0,0.0
559,559,559,559,11.11.2022,0.0,0.0,0.0,0.0,0.0,0.0,0.0,0.0
560,560,560,560,12.11.2022,0.0,0.0,0.0,0.0,0.0,0.0,0.0,0.0
561,561,561,561,13.11.2022,0.0,0.0,0.0,0.0,0.0,0.0,0.0,0.0
562,562,562,562,14.11.2022,0.0,0.0,0.0,0.0,0.0,0.0,0.0,0.0
563,563,563,563,15.11.2022,0.0,0.0,0.0,0.0,0.0,0.0,0.0,0.0
564,564,564,564,16.11.2022,0.0,0.0,0.0,0.0,0.0,0.0,0.0,0.0
565,565,565,565,17.11.2022,0.0,0.0,0.0,0.0,0.0,0.0,0.0,0.0
566,566,566,566,18.11.2022,0.0,0.0,0.0,0.0,0.0,0.0,0.0,0.0
567,567,567,567,19.11.2022,0.0,0.0,0.0,0.0,0.0,0.0,0.0,0.0
568,568,568,568,20.11.2022,0.0,0.0,0.0,0.0,0.0,0.0,0.0,0.0
569,569,569,569,21.11.2022,0.0,0.0,0.0,0.0,0.0,0.0,0.0,0.0
570,570,570,570,22.11.2022,0.0,0.0,0.0,0.0,0.0,0.0,0.0,0.0
571,571,571,571,23.11.2022,0.0,0.0,0.0,0.0,0.0,0.0,0.0,0.0
572,572,572,572,24.11.2022,0.0,0.0,0.0,0.0,0.0,0.0,0.0,0.0
573,573,573,573,25.11.2022,0.0,0.0,0.0,0.0,0.0,0.0,0.0,0.0
574,574,574,574,26.11.2022,0.0,0.0,0.0,0.0,0.0,0.0,0.0,0.0
575,575,575,575,27.11.2022,0.0,0.0,0.0,0.0,0.0,0.0,0.0,0.0
576,576,576,576,28.11.2022,0.0,0.0,0.0,0.0,0.0,0.0,0.0,0.0
577,577,577,577,29.11.2022,0.0,0.0,0.0,0.0,0.0,0.0,0.0,0.0
578,578,578,578,30.11.2022,0.0,0.0,0.0,0.0,0.0,0.0,0.0,0.0
579,579,579,579,1.12.2022,0.0,0.0,0.0,0.0,0.0,0.0,0.0,0.0
580,580,580,580,2.12.2022,0.0,0.0,0.0,0.0,0.0,0.0,0.0,0.0
581,581,581,581,3.12.2022,0.0,0.0,0.0,0.0,0.0,0.0,0.0,0.0
582,582,582,582,4.12.2022,0.0,0.0,0.0,0.0,0.0,0.0,0.0,0.0
583,583,583,583,5.12.2022,0.0,0.0,0.0,0.0,0.0,0.0,0.0,0.0
584,584,584,584,6.12.2022,0.0,0.0,0.0,0.0,0.0,0.0,0.0,0.0
585,585,585,585,7.12.2022,0.0,0.0,0.0,0.0,0.0,0.0,0.0,0.0
586,586,586,586,8.12.2022,0.0,0.0,0.0,0.0,0.0,0.0,0.0,0.0
587,587,587,587,9.12.2022,0.0,0.0,0.0,0.0,0.0,0.0,0.0,0.0
588,588,588,588,10.12.2022,0.0,0.0,0.0,0.0,0.0,0.0,0.0,0.0
589,589,589,589,11.12.2022,0.0,0.0,0.0,0.0,0.0,0.0,0.0,0.0
590,590,590,590,12.12.2022,0.0,0.0,0.0,0.0,0.0,0.0,0.0,0.0
591,591,591,591,13.12.2022,0.0,0.0,0.0,0.0,0.0,0.0,0.0,0.0
592,592,592,592,14.12.2022,0.0,0.0,0.0,0.0,0.0,0.0,0.0,0.0
593,593,593,593,15.12.2022,0.0,0.0,0.0,0.0,0.0,0.0,0.0,0.0
594,594,594,594,16.12.2022,0.0,0.0,0.0,0.0,0.0,0.0,0.0,0.0
595,595,595,595,17.12.2022,0.0,0.0,0.0,0.0,0.0,0.0,0.0,0.0
596,596,596,596,18.12.2022,0.0,0.0,0.0,0.0,0.0,0.0,0.0,0.0
597,597,597,597,19.12.2022,0.0,0.0,0.0,0.0,0.0,0.0,0.0,0.0
598,598,598,598,20.12.2022,0.0,0.0,0.0,0.0,0.0,0.0,0.0,0.0
599,599,599,599,21.12.2022,0.0,0.0,0.0,0.0,0.0,0.0,0.0,0.0
600,600,600,600,22.12.2022,0.0,0.0,0.0,0.0,0.0,0.0,0.0,0.0
601,601,601,601,23.12.2022,0.0,0.0,0.0,0.0,0.0,0.0,0.0,0.0
602,602,602,602,24.12.2022,0.0,0.0,0.0,0.0,0.0,0.0,0.0,0.0
603,603,603,603,25.12.2022,0.0,0.0,0.0,0.0,0.0,0.0,0.0,0.0
604,604,604,604,26.12.2022,0.0,0.0,0.0,0.0,0.0,0.0,0.0,0.0
605,605,605,605,27.12.2022,0.0,0.0,0.0,0.0,0.0,0.0,0.0,0.0
606,606,606,606,28.12.2022,0.0,0.0,0.0,0.0,0.0,0.0,0.0,0.0
607,607,607,607,29.12.2022,0.0,0.0,0.0,0.0,0.0,0.0,0.0,0.0
608,608,608,608,30.12.2022,0.0,0.0,0.0,0.0,0.0,0.0,0.0,0.0
609,609,609,609,31.12.2022,0.0,0.0,0.0,0.0,0.0,0.0,0.0,0.0
610,610,610,610,1.1.2023,0.0,0.0,0.0,0.0,0.0,0.0,0.0,0.0
611,611,611,611,2.1.2023,0.0,0.0,0.0,0.0,0.0,0.0,0.0,0.0
612,612,612,612,3.1.2023,0.0,0.0,0.0,0.0,0.0,0.0,0.0,0.0
613,613,613,613,4.1.2023,0.0,0.0,0.0,0.0,0.0,0.0,0.0,0.0
614,614,614,614,5.1.2023,0.0,0.0,0.0,0.0,0.0,0.0,0.0,0.0
615,615,615,615,6.1.2023,0.0,0.0,0.0,0.0,0.0,0.0,0.0,0.0
616,616,616,616,7.1.2023,0.0,0.0,0.0,0.0,0.0,0.0,0.0,0.0
617,617,617,617,8.1.2023,0.0,0.0,0.0,0.0,0.0,0.0,0.0,0.0
618,618,618,618,9.1.2023,0.0,0.0,0.0,0.0,0.0,0.0,0.0,0.0
619,619,619,619,10.1.2023,0.0,0.0,0.0,0.0,0.0,0.0,0.0,0.0
620,620,620,620,11.1.2023,0.0,0.0,0.0,0.0,0.0,0.0,0.0,0.0
621,621,621,621,12.1.2023,0.0,0.0,0.0,0.0,0.0,0.0,0.0,0.0
622,622,622,622,13.1.2023,0.0,0.0,0.0,0.0,0.0,0.0,0.0,0.0
623,623,623,623,14.1.2023,0.0,0.0,0.0,0.0,0.0,0.0,0.0,0.0
624,624,624,624,15.1.2023,0.0,0.0,0.0,0.0,0.0,0.0,0.0,0.0
625,625,625,625,16.1.2023,0.0,0.0,0.0,0.0,0.0,0.0,0.0,0.0
626,626,626,626,17.1.2023,0.0,0.0,0.0,0.0,0.0,0.0,0.0,0.0
627,627,627,627,18.1.2023,0.0,0.0,0.0,0.0,0.0,0.0,0.0,0.0
628,628,628,628,19.1.2023,0.0,0.0,0.0,0.0,0.0,0.0,0.0,0.0
629,629,629,629,20.1.2023,0.0,0.0,0.0,0.0,0.0,0.0,0.0,0.0
630,630,630,630,21.1.2023,0.0,0.0,0.0,0.0,0.0,0.0,0.0,0.0
631,631,631,631,22.1.2023,0.0,0.0,0.0,0.0,0.0,0.0,0.0,0.0
632,632,632,632,23.1.2023,0.0,0.0,0.0,0.0,0.0,0.0,0.0,0.0
633,633,633,633,24.1.2023,0.0,0.0,0.0,0.0,0.0,0.0,0.0,0.0
634,634,634,634,25.1.2023,0.0,0.0,0.0,0.0,0.0,0.0,0.0,0.0
635,635,635,635,26.1.2023,0.0,0.0,0.0,0.0,0.0,0.0,0.0,0.0
636,636,636,636,27.1.2023,0.0,0.0,0.0,0.0,0.0,0.0,0.0,0.0
637,637,637,637,28.1.2023,0.0,0.0,0.0,0.0,0.0,0.0,0.0,0.0
638,638,638,638,29.1.2023,0.0,0.0,0.0,0.0,0.0,0.0,0.0,0.0
639,639,639,639,30.1.2023,0.0,0.0,0.0,0.0,0.0,0.0,0.0,0.0
640,640,640,640,31.1.2023,0.0,0.0,0.0,0.0,0.0,0.0,0.0,0.0
641,641,641,641,1.2.2023,0.0,0.0,0.0,0.0,0.0,0.0,0.0,0.0
642,642,642,642,2.2.2023,0.0,0.0,0.0,0.0,0.0,0.0,0.0,0.0
643,643,643,643,3.2.2023,0.0,0.0,0.0,0.0,0.0,0.0,0.0,0.0
644,644,644,644,4.2.2023,0.0,0.0,0.0,0.0,0.0,0.0,0.0,0.0
645,645,645,645,5.2.2023,0.0,0.0,0.0,0.0,0.0,0.0,0.0,0.0
646,646,646,646,6.2.2023,0.0,0.0,0.0,0.0,0.0,0.0,0.0,0.0
647,647,647,647,7.2.2023,0.0,0.0,0.0,0.0,0.0,0.0,0.0,0.0
648,648,648,648,8.2.2023,0.0,0.0,0.0,0.0,0.0,0.0,0.0,0.0
649,649,649,649,9.2.2023,0.0,0.0,0.0,0.0,0.0,0.0,0.0,0.0
650,650,650,650,10.2.2023,0.0,0.0,0.0,0.0,0.0,0.0,0.0,0.0
651,651,651,651,11.2.2023,0.0,0.0,0.0,0.0,0.0,0.0,0.0,0.0
652,652,652,652,12.2.2023,0.0,0.0,0.0,0.0,0.0,0.0,0.0,0.0
653,653,653,653,13.2.2023,0.0,0.0,0.0,0.0,0.0,0.0,0.0,0.0
654,654,654,654,14.2.2023,0.0,0.0,0.0,0.0,0.0,0.0,0.0,0.0
655,655,655,655,15.2.2023,0.0,0.0,0.0,0.0,0.0,0.0,0.0,0.0
656,656,656,656,16.2.2023,0.0,0.0,0.0,0.0,0.0,0.0,0.0,0.0
657,657,657,657,17.2.2023,0.0,0.0,0.0,0.0,0.0,0.0,0.0,0.0
658,658,658,658,18.2.2023,0.0,0.0,0.0,0.0,0.0,0.0,0.0,0.0
659,659,659,659,19.2.2023,0.0,0.0,0.0,0.0,0.0,0.0,0.0,0.0
660,660,660,660,20.2.2023,0.0,0.0,0.0,0.0,0.0,0.0,0.0,0.0
661,661,661,661,21.2.2023,0.0,0.0,0.0,0.0,0.0,0.0,0.0,0.0
662,662,662,662,22.2.2023,0.0,0.0,0.0,0.0,0.0,0.0,0.0,0.0
663,663,663,663,23.2.2023,0.0,0.0,0.0,0.0,0.0,0.0,0.0,0.0
664,664,664,664,24.2.2023,0.0,0.0,0.0,0.0,0.0,0.0,0.0,0.0
665,665,665,665,25.2.2023,0.0,0.0,0.0,0.0,0.0,0.0,0.0,0.0
666,666,666,666,26.2.2023,0.0,0.0,0.0,0.0,0.0,0.0,0.0,0.0
667,667,667,667,27.2.2023,0.0,0.0,0.0,0.0,0.0,0.0,0.0,0.0
668,668,668,668,28.2.2023,0.0,0.0,0.0,0.0,0.0,0.0,0.0,0.0
669,669,669,669,1.3.2023,0.0,0.0,0.0,0.0,0.0,0.0,0.0,0.0
670,670,670,670,2.3.2023,0.0,0.0,0.0,0.0,0.0,0.0,0.0,0.0
671,671,671,671,3.3.2023,0.0,0.0,0.0,0.0,0.0,0.0,0.0,0.0
672,672,672,672,4.3.2023,0.0,0.0,0.0,0.0,0.0,0.0,0.0,0.0
673,673,673,673,5.3.2023,0.0,0.0,0.0,0.0,0.0,0.0,0.0,0.0
674,674,674,674,6.3.2023,0.0,0.0,0.0,0.0,0.0,0.0,0.0,0.0
675,675,675,675,7.3.2023,0.0,0.0,0.0,0.0,0.0,0.0,0.0,0.0
676,676,676,676,8.3.2023,0.0,0.0,0.0,0.0,0.0,0.0,0.0,0.0
677,677,677,677,9.3.2023,0.0,0.0,0.0,0.0,0.0,0.0,0.0,0.0
678,678,678,678,10.3.2023,0.0,0.0,0.0,0.0,0.0,0.0,0.0,0.0
679,679,679,679,11.3.2023,0.0,0.0,0.0,0.0,0.0,0.0,0.0,0.0
680,680,680,680,12.3.2023,0.0,0.0,0.0,0.0,0.0,0.0,0.0,0.0
681,681,681,681,13.3.2023,0.0,0.0,0.0,0.0,0.0,0.0,0.0,0.0
682,682,682,682,14.3.2023,0.0,0.0,0.0,0.0,0.0,0.0,0.0,0.0
683,683,683,683,15.3.2023,0.0,0.0,0.0,0.0,0.0,0.0,0.0,0.0
684,684,684,684,16.3.2023,0.0,0.0,0.0,0.0,0.0,0.0,0.0,0.0
685,685,685,685,17.3.2023,0.0,0.0,0.0,0.0,0.0,0.0,0.0,0.0
686,686,686,686,18.3.2023,0.0,0.0,0.0,0.0,0.0,0.0,0.0,0.0
687,687,687,687,19.3.2023,0.0,0.0,0.0,0.0,0.0,0.0,0.0,0.0
688,688,688,688,20.3.2023,0.0,0.0,0.0,0.0,0.0,0.0,0.0,0.0
689,689,689,689,21.3.2023,0.0,0.0,0.0,0.0,0.0,0.0,0.0,0.0
690,690,690,690,22.3.2023,0.0,0.0,0.0,0.0,0.0,0.0,0.0,0.0
691,691,691,691,23.3.2023,0.0,0.0,0.0,0.0,0.0,0.0,0.0,0.0
692,692,692,692,24.3.2023,0.0,0.0,0.0,0.0,0.0,0.0,0.0,0.0
693,693,693,693,25.3.2023,0.0,0.0,0.0,0.0,0.0,0.0,0.0,0.0
694,694,694,694,26.3.2023,0.0,0.0,0.0,0.0,0.0,0.0,0.0,0.0
695,695,695,695,27.3.2023,0.0,0.0,0.0,0.0,0.0,0.0,0.0,0.0
696,696,696,696,28.3.2023,0.0,0.0,0.0,0.0,0.0,0.0,0.0,0.0
697,697,697,697,29.3.2023,0.0,0.0,0.0,0.0,0.0,0.0,0.0,0.0
698,698,698,698,30.3.2023,0.0,0.0,0.0,0.0,0.0,0.0,0.0,0.0
699,699,699,699,31.3.2023,0.0,0.0,0.0,0.0,0.0,0.0,0.0,0.0
700,700,700,700,1.4.2023,0.0,0.0,0.0,0.0,0.0,0.0,0.0,0.0
701,701,701,701,2.4.2023,0.0,0.0,0.0,0.0,0.0,0.0,0.0,0.0
702,702,702,702,3.4.2023,0.0,0.0,0.0,0.0,0.0,0.0,0.0,0.0
703,703,703,703,4.4.2023,0.0,0.0,0.0,0.0,0.0,0.0,0.0,0.0
704,704,704,704,5.4.2023,0.0,0.0,0.0,0.0,0.0,0.0,0.0,0.0
705,705,705,705,6.4.2023,0.0,0.0,0.0,0.0,0.0,0.0,0.0,0.0
706,706,706,706,7.4.2023,0.0,0.0,0.0,0.0,0.0,0.0,0.0,0.0
707,707,707,707,8.4.2023,0.0,0.0,0.0,0.0,0.0,0.0,0.0,0.0
708,708,708,708,9.4.2023,0.0,0.0,0.0,0.0,0.0,0.0,0.0,0.0
709,709,709,709,10.4.2023,0.0,0.0,0.0,0.0,0.0,0.0,0.0,0.0
710,710,710,710,11.4.2023,0.0,0.0,0.0,0.0,0.0,0.0,0.0,0.0
711,711,711,711,12.4.2023,0.0,0.0,0.0,0.0,0.0,0.0,0.0,0.0
712,712,712,712,13.4.2023,0.0,0.0,0.0,0.0,0.0,0.0,0.0,0.0
713,713,713,713,14.4.2023,0.0,0.0,0.0,0.0,0.0,0.0,0.0,0.0
714,714,714,714,15.4.2023,0.0,0.0,0.0,0.0,0.0,0.0,0.0,0.0
715,715,715,715,16.4.2023,0.0,0.0,0.0,0.0,0.0,0.0,0.0,0.0
716,716,716,716,17.4.2023,0.0,0.0,0.0,0.0,0.0,0.0,0.0,0.0
717,717,717,717,18.4.2023,0.0,0.0,0.0,0.0,0.0,0.0,0.0,0.0
718,718,718,718,19.4.2023,0.0,0.0,0.0,0.0,0.0,0.0,0.0,0.0
719,719,719,719,20.4.2023,0.0,0.0,0.0,0.0,0.0,0.0,0.0,0.0
720,720,720,720,21.4.2023,0.0,0.0,0.0,0.0,0.0,0.0,0.0,0.0
721,721,721,721,22.4.2023,0.0,0.0,0.0,0.0,0.0,0.0,0.0,0.0
722,722,722,722,23.4.2023,0.0,0.0,0.0,0.0,0.0,0.0,0.0,0.0
723,723,723,723,24.4.2023,0.0,0.0,0.0,0.0,0.0,0.0,0.0,0.0
724,724,724,724,25.4.2023,0.0,0.0,0.0,0.0,0.0,0.0,0.0,0.0
725,725,725,725,26.4.2023,0.0,0.0,0.0,0.0,0.0,0.0,0.0,0.0
726,726,726,726,27.4.2023,0.0,0.0,0.0,0.0,0.0,0.0,0.0,0.0
727,727,727,727,28.4.2023,0.0,0.0,0.0,0.0,0.0,0.0,0.0,0.0
728,728,728,728,29.4.2023,0.0,0.0,0.0,0.0,0.0,0.0,0.0,0.0
729,729,729,729,30.4.2023,0.0,0.0,0.0,0.0,0.0,0.0,0.0,0.0
730,730,730,730,1.5.2023,0.0,0.0,0.0,0.0,0.0,0.0,0.0,0.0
731,731,731,731,2.5.2023,0.0,0.0,0.0,0.0,0.0,0.0,0.0,0.0
732,732,732,732,3.5.2023,0.0,0.0,0.0,0.0,0.0,0.0,0.0,0.0
733,733,733,733,4.5.2023,0.0,0.0,0.0,0.0,0.0,0.0,0.0,0.0
734,734,734,734,5.5.2023,0.0,0.0,0.0,0.0,0.0,0.0,0.0,0.0
735,735,735,735,6.5.2023,0.0,0.0,0.0,0.0,0.0,0.0,0.0,0.0
736,736,736,736,7.5.2023,0.0,0.0,0.0,0.0,0.0,0.0,0.0,0.0
737,737,737,737,8.5.2023,0.0,0.0,0.0,0.0,0.0,0.0,0.0,0.0
738,738,738,738,9.5.2023,0.0,0.0,0.0,0.0,0.0,0.0,0.0,0.0
739,739,739,739,10.5.2023,0.0,0.0,0.0,0.0,0.0,0.0,0.0,0.0
740,740,740,740,11.5.2023,0.0,0.0,0.0,0.0,0.0,0.0,0.0,0.0
741,741,741,741,12.5.2023,0.0,0.0,0.0,0.0,0.0,0.0,0.0,0.0
742,742,742,742,13.5.2023,0.0,0.0,0.0,0.0,0.0,0.0,0.0,0.0
743,743,743,743,14.5.2023,0.0,0.0,0.0,0.0,0.0,0.0,0.0,0.0
744,744,744,744,15.5.2023,0.0,0.0,0.0,0.0,0.0,0.0,0.0,0.0
745,745,745,745,16.5.2023,0.0,0.0,0.0,0.0,0.0,0.0,0.0,0.0
746,746,746,746,17.5.2023,0.0,0.0,0.0,0.0,0.0,0.0,0.0,0.0
747,747,747,747,18.5.2023,0.0,0.0,0.0,0.0,0.0,0.0,0.0,0.0
748,748,748,748,19.5.2023,0.0,0.0,0.0,0.0,0.0,0.0,0.0,0.0
749,749,749,749,20.5.2023,0.0,0.0,0.0,0.0,0.0,0.0,0.0,0.0
750,750,750,750,21.5.2023,0.0,0.0,0.0,0.0,0.0,0.0,0.0,0.0
751,751,751,751,22.5.2023,0.0,0.0,0.0,0.0,0.0,0.0,0.0,0.0
752,752,752,752,23.5.2023,0.0,0.0,0.0,0.0,0.0,0.0,0.0,0.0
753,753,753,753,24.5.2023,0.0,0.0,0.0,0.0,0.0,0.0,0.0,0.0
754,754,754,754,25.5.2023,0.0,0.0,0.0,0.0,0.0,0.0,0.0,0.0
755,755,755,755,26.5.2023,0.0,0.0,0.0,0.0,0.0,0.0,0.0,0.0
756,756,756,756,27.5.2023,0.0,0.0,0.0,0.0,0.0,0.0,0.0,0.0
757,757,757,757,28.5.2023,0.0,0.0,0.0,0.0,0.0,0.0,0.0,0.0
758,758,758,758,29.5.2023,0.0,0.0,0.0,0.0,0.0,0.0,0.0,0.0
759,759,759,759,30.5.2023,0.0,0.0,0.0,0.0,0.0,0.0,0.0,0.0
760,760,760,760,31.5.2023,0.0,0.0,0.0,0.0,0.0,0.0,0.0,0.0
761,761,761,761,1.6.2023,0.0,0.0,0.0,0.0,0.0,0.0,0.0,0.0
762,762,762,762,2.6.2023,0.0,0.0,0.0,0.0,0.0,0.0,0.0,0.0
763,763,763,763,3.6.2023,0.0,0.0,0.0,0.0,0.0,0.0,0.0,0.0
764,764,764,764,4.6.2023,0.0,0.0,0.0,0.0,0.0,0.0,0.0,0.0
765,765,765,765,5.6.2023,0.0,0.0,0.0,0.0,0.0,0.0,0.0,0.0
766,766,766,766,6.6.2023,0.0,0.0,0.0,0.0,0.0,0.0,0.0,0.0
767,767,767,767,7.6.2023,0.0,0.0,0.0,0.0,0.0,0.0,0.0,0.0
768,768,768,768,8.6.2023,0.0,0.0,0.0,0.0,0.0,0.0,0.0,0.0
769,769,769,769,9.6.2023,0.0,0.0,0.0,0.0,0.0,0.0,0.0,0.0
770,770,770,770,10.6.2023,0.0,0.0,0.0,0.0,0.0,0.0,0.0,0.0
771,771,771,771,11.6.2023,0.0,0.0,0.0,0.0,0.0,0.0,0.0,0.0
772,772,772,772,12.6.2023,0.0,0.0,0.0,0.0,0.0,0.0,0.0,0.0
773,773,773,773,13.6.2023,0.0,0.0,0.0,0.0,0.0,0.0,0.0,0.0
774,774,774,774,14.6.2023,0.0,0.0,0.0,0.0,0.0,0.0,0.0,0.0
775,775,775,775,15.6.2023,0.0,0.0,0.0,0.0,0.0,0.0,0.0,0.0
776,776,776,776,16.6.2023,0.0,0.0,0.0,0.0,0.0,0.0,0.0,0.0
777,777,777,777,17.6.2023,0.0,0.0,0.0,0.0,0.0,0.0,0.0,0.0
778,778,778,778,18.6.2023,0.0,0.0,0.0,0.0,0.0,0.0,0.0,0.0
779,779,779,779,19.6.2023,0.0,0.0,0.0,0.0,0.0,0.0,0.0,0.0
780,780,780,780,20.6.2023,0.0,0.0,0.0,0.0,0.0,0.0,0.0,0.0
781,781,781,781,21.6.2023,0.0,0.0,0.0,0.0,0.0,0.0,0.0,0.0
782,782,782,782,22.6.2023,0.0,0.0,0.0,0.0,0.0,0.0,0.0,0.0
783,783,783,783,23.6.2023,0.0,0.0,0.0,0.0,0.0,0.0,0.0,0.0
784,784,784,784,24.6.2023,0.0,0.0,0.0,0.0,0.0,0.0,0.0,0.0
785,785,785,785,25.6.2023,0.0,0.0,0.0,0.0,0.0,0.0,0.0,0.0
786,786,786,786,26.6.2023,0.0,0.0,0.0,0.0,0.0,0.0,0.0,0.0
787,787,787,787,27.6.2023,0.0,0.0,0.0,0.0,0.0,0.0,0.0,0.0
788,788,788,788,28.6.2023,0.0,0.0,0.0,0.0,0.0,0.0,0.0,0.0
789,789,789,789,29.6.2023,0.0,0.0,0.0,0.0,0.0,0.0,0.0,0.0
790,790,790,790,30.6.2023,0.0,0.0,0.0,0.0,0.0,0.0,0.0,0.0
791,791,791,791,1.7.2023,0.0,0.0,0.0,0.0,0.0,0.0,0.0,0.0
792,792,792,792,2.7.2023,0.0,0.0,0.0,0.0,0.0,0.0,0.0,0.0
793,793,793,793,3.7.2023,0.0,0.0,0.0,0.0,0.0,0.0,0.0,0.0
794,794,794,794,4.7.2023,0.0,0.0,0.0,0.0,0.0,0.0,0.0,0.0
795,795,795,795,5.7.2023,0.0,0.0,0.0,0.0,0.0,0.0,0.0,0.0
796,796,796,796,6.7.2023,0.0,0.0,0.0,0.0,0.0,0.0,0.0,0.0
797,797,797,797,7.7.2023,0.0,0.0,0.0,0.0,0.0,0.0,0.0,0.0
798,798,798,798,8.7.2023,0.0,0.0,0.0,0.0,0.0,0.0,0.0,0.0
799,799,799,799,9.7.2023,0.0,0.0,0.0,0.0,0.0,0.0,0.0,0.0
800,800,800,800,10.7.2023,0.0,0.0,0.0,0.0,0.0,0.0,0.0,0.0
801,801,801,801,11.7.2023,0.0,0.0,0.0,0.0,0.0,0.0,0.0,0.0
802,802,802,802,12.7.2023,0.0,0.0,0.0,0.0,0.0,0.0,0.0,0.0
803,803,803,803,13.7.2023,0.0,0.0,0.0,0.0,0.0,0.0,0.0,0.0
804,804,804,804,14.7.2023,0.0,0.0,0.0,0.0,0.0,0.0,0.0,0.0
805,805,805,805,15.7.2023,0.0,0.0,0.0,0.0,0.0,0.0,0.0,0.0
806,806,806,806,16.7.2023,0.0,0.0,0.0,0.0,0.0,0.0,0.0,0.0
807,807,807,807,17.7.2023,0.0,0.0,0.0,0.0,0.0,0.0,0.0,0.0
808,808,808,808,18.7.2023,0.0,0.0,0.0,0.0,0.0,0.0,0.0,0.0
809,809,809,809,19.7.2023,0.0,0.0,0.0,0.0,0.0,0.0,0.0,0.0
810,810,810,810,20.7.2023,0.0,0.0,0.0,0.0,0.0,0.0,0.0,0.0
811,811,811,811,21.7.2023,0.0,0.0,0.0,0.0,0.0,0.0,0.0,0.0
812,812,812,812,22.7.2023,0.0,0.0,0.0,0.0,0.0,0.0,0.0,0.0
813,813,813,813,23.7.2023,0.0,0.0,0.0,0.0,0.0,0.0,0.0,0.0
814,814,814,814,24.7.2023,0.0,0.0,0.0,0.0,0.0,0.0,0.0,0.0
815,815,815,815,25.7.2023,0.0,0.0,0.0,0.0,0.0,0.0,0.0,0.0
816,816,816,816,26.7.2023,0.0,0.0,0.0,0.0,0.0,0.0,0.0,0.0
817,817,817,817,27.7.2023,0.0,0.0,0.0,0.0,0.0,0.0,0.0,0.0
818,818,818,818,28.7.2023,0.0,0.0,0.0,0.0,0.0,0.0,0.0,0.0
819,819,819,819,29.7.2023,0.0,0.0,0.0,0.0,0.0,0.0,0.0,0.0
820,820,820,820,30.7.2023,0.0,0.0,0.0,0.0,0.0,0.0,0.0,0.0
821,821,821,821,31.7.2023,0.0,0.0,0.0,0.0,0.0,0.0,0.0,0.0
822,822,822,822,1.8.2023,0.0,0.0,0.0,0.0,0.0,0.0,0.0,0.0
823,823,823,823,2.8.2023,0.0,0.0,0.0,0.0,0.0,0.0,0.0,0.0
824,824,824,824,3.8.2023,0.0,0.0,0.0,0.0,0.0,0.0,0.0,0.0
825,825,825,825,4.8.2023,0.0,0.0,0.0,0.0,0.0,0.0,0.0,0.0
826,826,826,826,5.8.2023,0.0,0.0,0.0,0.0,0.0,0.0,0.0,0.0
827,827,827,827,6.8.2023,0.0,0.0,0.0,0.0,0.0,0.0,0.0,0.0
828,828,828,828,7.8.2023,0.0,0.0,0.0,0.0,0.0,0.0,0.0,0.0
829,829,829,829,8.8.2023,0.0,0.0,0.0,0.0,0.0,0.0,0.0,0.0
830,830,830,830,9.8.2023,0.0,0.0,0.0,0.0,0.0,0.0,0.0,0.0
831,831,831,831,10.8.2023,0.0,0.0,0.0,0.0,0.0,0.0,0.0,0.0
832,832,832,832,11.8.2023,0.0,0.0,0.0,0.0,0.0,0.0,0.0,0.0
833,833,833,833,12.8.2023,0.0,0.0,0.0,0.0,0.0,0.0,0.0,0.0
834,834,834,834,13.8.2023,0.0,0.0,0.0,0.0,0.0,0.0,0.0,0.0
835,835,835,835,14.8.2023,0.0,0.0,0.0,0.0,0.0,0.0,0.0,0.0
836,836,836,836,15.8.2023,0.0,0.0,0.0,0.0,0.0,0.0,0.0,0.0
837,837,837,837,16.8.2023,0.0,0.0,0.0,0.0,0.0,0.0,0.0,0.0
838,838,838,838,17.8.2023,0.0,0.0,0.0,0.0,0.0,0.0,0.0,0.0
839,839,839,839,18.8.2023,0.0,0.0,0.0,0.0,0.0,0.0,0.0,0.0
840,840,840,840,19.8.2023,0.0,0.0,0.0,0.0,0.0,0.0,0.0,0.0
841,841,841,841,20.8.2023,0.0,0.0,0.0,0.0,0.0,0.0,0.0,0.0
842,842,842,842,21.8.2023,0.0,0.0,0.0,0.0,0.0,0.0,0.0,0.0
843,843,843,843,22.8.2023,0.0,0.0,0.0,0.0,0.0,0.0,0.0,0.0
844,844,844,844,23.8.2023,0.0,0.0,0.0,0.0,0.0,0.0,0.0,0.0
845,845,845,845,24.8.2023,0.0,0.0,0.0,0.0,0.0,0.0,0.0,0.0
846,846,846,846,25.8.2023,0.0,0.0,0.0,0.0,0.0,0.0,0.0,0.0
847,847,847,847,26.8.2023,0.0,0.0,0.0,0.0,0.0,0.0,0.0,0.0
848,848,848,848,27.8.2023,0.0,0.0,0.0,0.0,0.0,0.0,0.0,0.0
849,849,849,849,28.8.2023,0.0,0.0,0.0,0.0,0.0,0.0,0.0,0.0
850,850,850,850,29.8.2023,0.0,0.0,0.0,0.0,0.0,0.0,0.0,0.0
851,851,851,851,30.8.2023,0.0,0.0,0.0,0.0,0.0,0.0,0.0,0.0
852,852,852,852,31.8.2023,0.0,0.0,0.0,0.0,0.0,0.0,0.0,0.0
853,853,853,853,1.9.2023,0.0,0.0,0.0,0.0,0.0,0.0,0.0,0.0
854,854,854,854,2.9.2023,0.0,0.0,0.0,0.0,0.0,0.0,0.0,0.0
855,855,855,855,3.9.2023,0.0,0.0,0.0,0.0,0.0,0.0,0.0,0.0
856,856,856,856,4.9.2023,0.0,0.0,0.0,0.0,0.0,0.0,0.0,0.0
857,857,857,857,5.9.2023,0.0,0.0,0.0,0.0,0.0,0.0,0.0,0.0
858,858,858,858,6.9.2023,0.0,0.0,0.0,0.0,0.0,0.0,0.0,0.0
859,859,859,859,7.9.2023,0.0,0.0,0.0,0.0,0.0,0.0,0.0,0.0
860,860,860,860,8.9.2023,0.0,0.0,0.0,0.0,0.0,0.0,0.0,0.0
861,861,861,861,9.9.2023,0.0,0.0,0.0,0.0,0.0,0.0,0.0,0.0
862,862,862,862,10.9.2023,0.0,0.0,0.0,0.0,0.0,0.0,0.0,0.0
863,863,863,863,11.9.2023,0.0,0.0,0.0,0.0,0.0,0.0,0.0,0.0
864,864,864,864,12.9.2023,0.0,0.0,0.0,0.0,0.0,0.0,0.0,0.0
865,865,865,865,13.9.2023,0.0,0.0,0.0,0.0,0.0,0.0,0.0,0.0
866,866,866,866,14.9.2023,0.0,0.0,0.0,0.0,0.0,0.0,0.0,0.0
867,867,867,867,15.9.2023,0.0,0.0,0.0,0.0,0.0,0.0,0.0,0.0
868,868,868,868,16.9.2023,0.0,0.0,0.0,0.0,0.0,0.0,0.0,0.0
869,869,869,869,17.9.2023,0.0,0.0,0.0,0.0,0.0,0.0,0.0,0.0
870,870,870,870,18.9.2023,0.0,0.0,0.0,0.0,0.0,0.0,0.0,0.0
871,871,871,871,19.9.2023,0.0,0.0,0.0,0.0,0.0,0.0,0.0,0.0
872,872,872,872,20.9.2023,0.0,0.0,0.0,0.0,0.0,0.0,0.0,0.0
873,873,873,873,21.9.2023,0.0,0.0,0.0,0.0,0.0,0.0,0.0,0.0
874,874,874,874,22.9.2023,0.0,0.0,0.0,0.0,0.0,0.0,0.0,0.0
875,875,875,875,23.9.2023,0.0,0.0,0.0,0.0,0.0,0.0,0.0,0.0
876,876,876,876,24.9.2023,0.0,0.0,0.0,0.0,0.0,0.0,0.0,0.0
877,877,877,877,25.9.2023,0.0,0.0,0.0,0.0,0.0,0.0,0.0,0.0
878,878,878,878,26.9.2023,0.0,0.0,0.0,0.0,0.0,0.0,0.0,0.0
879,879,879,879,27.9.2023,0.0,0.0,0.0,0.0,0.0,0.0,0.0,0.0
880,880,880,880,28.9.2023,0.0,0.0,0.0,0.0,0.0,0.0,0.0,0.0
881,881,881,881,29.9.2023,0.0,0.0,0.0,0.0,0.0,0.0,0.0,0.0
882,882,882,882,30.9.2023,0.0,0.0,0.0,0.0,0.0,0.0,0.0,0.0
883,883,883,883,1.10.2023,0.0,0.0,0.0,0.0,0.0,0.0,0.0,0.0
884,884,884,884,2.10.2023,0.0,0.0,0.0,0.0,0.0,0.0,0.0,0.0
885,885,885,885,3.10.2023,0.0,0.0,0.0,0.0,0.0,0.0,0.0,0.0
886,886,886,886,4.10.2023,0.0,0.0,0.0,0.0,0.0,0.0,0.0,0.0
887,887,887,887,5.10.2023,0.0,0.0,0.0,0.0,0.0,0.0,0.0,0.0
888,888,888,888,6.10.2023,0.0,0.0,0.0,0.0,0.0,0.0,0.0,0.0
889,889,889,889,7.10.2023,0.0,0.0,0.0,0.0,0.0,0.0,0.0,0.0
890,890,890,890,8.10.2023,0.0,0.0,0.0,0.0,0.0,0.0,0.0,0.0
891,891,891,891,9.10.2023,0.0,0.0,0.0,0.0,0.0,0.0,0.0,0.0
892,892,892,892,10.10.2023,0.0,0.0,0.0,0.0,0.0,0.0,0.0,0.0
893,893,893,893,11.10.2023,0.0,0.0,0.0,0.0,0.0,0.0,0.0,0.0
894,894,894,894,12.10.2023,0.0,0.0,0.0,0.0,0.0,0.0,0.0,0.0
895,895,895,895,13.10.2023,0.0,0.0,0.0,0.0,0.0,0.0,0.0,0.0
896,896,896,896,14.10.2023,0.0,0.0,0.0,0.0,0.0,0.0,0.0,0.0
897,897,897,897,15.10.2023,0.0,0.0,0.0,0.0,0.0,0.0,0.0,0.0
898,898,898,898,16.10.2023,0.0,0.0,0.0,0.0,0.0,0.0,0.0,0.0
899,899,899,899,17.10.2023,0.0,0.0,0.0,0.0,0.0,0.0,0.0,0.0
900,900,900,900,18.10.2023,0.0,0.0,0.0,0.0,0.0,0.0,0.0,0.0
901,901,901,901,19.10.2023,0.0,0.0,0.0,0.0,0.0,0.0,0.0,0.0
902,902,902,902,20.10.2023,0.0,0.0,0.0,0.0,0.0,0.0,0.0,0.0
903,903,903,903,21.10.2023,0.0,0.0,0.0,0.0,0.0,0.0,0.0,0.0
904,904,904,904,22.10.2023,0.0,0.0,0.0,0.0,0.0,0.0,0.0,0.0
905,905,905,905,23.10.2023,0.0,0.0,0.0,0.0,0.0,0.0,0.0,0.0
906,906,906,906,24.10.2023,0.0,0.0,0.0,0.0,0.0,0.0,0.0,0.0
907,907,907,907,25.10.2023,0.0,0.0,0.0,0.0,0.0,0.0,0.0,0.0
908,908,908,908,26.10.2023,0.0,0.0,0.0,0.0,0.0,0.0,0.0,0.0
909,909,909,909,27.10.2023,0.0,0.0,0.0,0.0,0.0,0.0,0.0,0.0
910,910,910,910,28.10.2023,0.0,0.0,0.0,0.0,0.0,0.0,0.0,0.0
911,911,911,911,29.10.2023,0.0,0.0,0.0,0.0,0.0,0.0,0.0,0.0
912,912,912,912,30.10.2023,0.0,0.0,0.0,0.0,0.0,0.0,0.0,0.0
913,913,913,913,31.10.2023,0.0,0.0,0.0,0.0,0.0,0.0,0.0,0.0
914,914,914,914,1.11.2023,0.0,0.0,0.0,0.0,0.0,0.0,0.0,0.0
915,915,915,915,2.11.2023,0.0,0.0,0.0,0.0,0.0,0.0,0.0,0.0
916,916,916,916,3.11.2023,0.0,0.0,0.0,0.0,0.0,0.0,0.0,0.0
917,917,917,917,4.11.2023,0.0,0.0,0.0,0.0,0.0,0.0,0.0,0.0
918,918,918,918,5.11.2023,0.0,0.0,0.0,0.0,0.0,0.0,0.0,0.0
919,919,919,919,6.11.2023,0.0,0.0,0.0,0.0,0.0,0.0,0.0,0.0
920,920,920,920,7.11.2023,0.0,0.0,0.0,0.0,0.0,0.0,0.0,0.0
921,921,921,921,8.11.2023,0.0,0.0,0.0,0.0,0.0,0.0,0.0,0.0
922,922,922,922,9.11.2023,0.0,0.0,0.0,0.0,0.0,0.0,0.0,0.0
923,923,923,923,10.11.2023,0.0,0.0,0.0,0.0,0.0,0.0,0.0,0.0
924,924,924,924,11.11.2023,0.0,0.0,0.0,0.0,0.0,0.0,0.0,0.0
925,925,925,925,12.11.2023,0.0,0.0,0.0,0.0,0.0,0.0,0.0,0.0
926,926,926,926,13.11.2023,0.0,0.0,0.0,0.0,0.0,0.0,0.0,0.0
927,927,927,927,14.11.2023,0.0,0.0,0.0,0.0,0.0,0.0,0.0,0.0
928,928,928,928,15.11.2023,0.0,0.0,0.0,0.0,0.0,0.0,0.0,0.0
929,929,929,929,16.11.2023,0.0,0.0,0.0,0.0,0.0,0.0,0.0,0.0
930,930,930,930,17.11.2023,0.0,0.0,0.0,0.0,0.0,0.0,0.0,0.0
931,931,931,931,18.11.2023,0.0,0.0,0.0,0.0,0.0,0.0,0.0,0.0
932,932,932,932,19.11.2023,0.0,0.0,0.0,0.0,0.0,0.0,0.0,0.0
933,933,933,933,20.11.2023,0.0,0.0,0.0,0.0,0.0,0.0,0.0,0.0
934,934,934,934,21.11.2023,0.0,0.0,0.0,0.0,0.0,0.0,0.0,0.0
935,935,935,935,22.11.2023,0.0,0.0,0.0,0.0,0.0,0.0,0.0,0.0
936,936,936,936,23.11.2023,0.0,0.0,0.0,0.0,0.0,0.0,0.0,0.0
937,937,937,937,24.11.2023,0.0,0.0,0.0,0.0,0.0,0.0,0.0,0.0
938,938,938,938,25.11.2023,0.0,0.0,0.0,0.0,0.0,0.0,0.0,0.0
939,939,939,939,26.11.2023,0.0,0.0,0.0,0.0,0.0,0.0,0.0,0.0
940,940,940,940,27.11.2023,0.0,0.0,0.0,0.0,0.0,0.0,0.0,0.0
941,941,941,941,28.11.2023,0.0,0.0,0.0,0.0,0.0,0.0,0.0,0.0
942,942,942,942,29.11.2023,0.0,0.0,0.0,0.0,0.0,0.0,0.0,0.0
943,943,943,943,30.11.2023,0.0,0.0,0.0,0.0,0.0,0.0,0.0,0.0
944,944,944,944,1.12.2023,0.0,0.0,0.0,0.0,0.0,0.0,0.0,0.0
945,945,945,945,2.12.2023,0.0,0.0,0.0,0.0,0.0,0.0,0.0,0.0
946,946,946,946,3.12.2023,0.0,0.0,0.0,0.0,0.0,0.0,0.0,0.0
947,947,947,947,4.12.2023,0.0,0.0,0.0,0.0,0.0,0.0,0.0,0.0
948,948,948,948,5.12.2023,0.0,0.0,0.0,0.0,0.0,0.0,0.0,0.0
949,949,949,949,6.12.2023,0.0,0.0,0.0,0.0,0.0,0.0,0.0,0.0
950,950,950,950,7.12.2023,0.0,0.0,0.0,0.0,0.0,0.0,0.0,0.0
951,951,951,951,8.12.2023,0.0,0.0,0.0,0.0,0.0,0.0,0.0,0.0
952,952,952,952,9.12.2023,0.0,0.0,0.0,0.0,0.0,0.0,0.0,0.0
953,953,953,953,10.12.2023,0.0,0.0,0.0,0.0,0.0,0.0,0.0,0.0
954,954,954,954,11.12.2023,0.0,0.0,0.0,0.0,0.0,0.0,0.0,0.0
955,955,955,955,12.12.2023,0.0,0.0,0.0,0.0,0.0,0.0,0.0,0.0
956,956,956,956,13.12.2023,0.0,0.0,0.0,0.0,0.0,0.0,0.0,0.0
957,957,957,957,14.12.2023,0.0,0.0,0.0,0.0,0.0,0.0,0.0,0.0
958,958,958,958,15.12.2023,0.0,0.0,0.0,0.0,0.0,0.0,0.0,0.0
959,959,959,959,16.12.2023,0.0,0.0,0.0,0.0,0.0,0.0,0.0,0.0
960,960,960,960,17.12.2023,0.0,0.0,0.0,0.0,0.0,0.0,0.0,0.0
961,961,961,961,18.12.2023,0.0,0.0,0.0,0.0,0.0,0.0,0.0,0.0
962,962,962,962,19.12.2023,0.0,0.0,0.0,0.0,0.0,0.0,0.0,0.0
963,963,963,963,20.12.2023,0.0,0.0,0.0,0.0,0.0,0.0,0.0,0.0
964,964,964,964,21.12.2023,0.0,0.0,0.0,0.0,0.0,0.0,0.0,0.0
965,965,965,965,22.12.2023,0.0,0.0,0.0,0.0,0.0,0.0,0.0,0.0
966,966,966,966,23.12.2023,0.0,0.0,0.0,0.0,0.0,0.0,0.0,0.0
967,967,967,967,24.12.2023,0.0,0.0,0.0,0.0,0.0,0.0,0.0,0.0
968,968,968,968,25.12.2023,0.0,0.0,0.0,0.0,0.0,0.0,0.0,0.0
969,969,969,969,26.12.2023,0.0,0.0,0.0,0.0,0.0,0.0,0.0,0.0
970,970,970,970,27.12.2023,0.0,0.0,0.0,0.0,0.0,0.0,0.0,0.0
971,971,971,971,28.12.2023,0.0,0.0,0.0,0.0,0.0,0.0,0.0,0.0
972,972,972,972,29.12.2023,0.0,0.0,0.0,0.0,0.0,0.0,0.0,0.0
973,973,973,973,30.12.2023,0.0,0.0,0.0,0.0,0.0,0.0,0.0,0.0
974,974,974,974,31.12.2023,0.0,0.0,0.0,0.0,0.0,0.0,0.0,0.0
975,975,975,975,1.1.2024,0.0,0.0,0.0,0.0,0.0,0.0,0.0,0.0
976,976,976,976,2.1.2024,0.0,0.0,0.0,0.0,0.0,0.0,0.0,0.0
977,977,977,977,3.1.2024,0.0,0.0,0.0,0.0,0.0,0.0,0.0,0.0
978,978,978,978,4.1.2024,0.0,0.0,0.0,0.0,0.0,0.0,0.0,0.0
979,979,979,979,5.1.2024,0.0,0.0,0.0,0.0,0.0,0.0,0.0,0.0
980,980,980,980,6.1.2024,0.0,0.0,0.0,0.0,0.0,0.0,0.0,0.0
981,981,981,981,7.1.2024,0.0,0.0,0.0,0.0,0.0,0.0,0.0,0.0
982,982,982,982,8.1.2024,0.0,0.0,0.0,0.0,0.0,0.0,0.0,0.0
983,983,983,983,9.1.2024,0.0,0.0,0.0,0.0,0.0,0.0,0.0,0.0
984,984,984,984,10.1.2024,0.0,0.0,0.0,0.0,0.0,0.0,0.0,0.0
985,985,985,985,11.1.2024,0.0,0.0,0.0,0.0,0.0,0.0,0.0,0.0
986,986,986,986,12.1.2024,0.0,0.0,0.0,0.0,0.0,0.0,0.0,0.0
987,987,987,987,13.1.2024,0.0,0.0,0.0,0.0,0.0,0.0,0.0,0.0
988,988,988,988,14.1.2024,0.0,0.0,0.0,0.0,0.0,0.0,0.0,0.0
989,989,989,989,15.1.2024,0.0,0.0,0.0,0.0,0.0,0.0,0.0,0.0
990,990,990,990,16.1.2024,0.0,0.0,0.0,0.0,0.0,0.0,0.0,0.0
991,991,991,991,17.1.2024,0.0,0.0,0.0,0.0,0.0,0.0,0.0,0.0
992,992,992,992,18.1.2024,0.0,0.0,0.0,0.0,0.0,0.0,0.0,0.0
993,993,993,993,19.1.2024,0.0,0.0,0.0,0.0,0.0,0.0,0.0,0.0
994,994,994,994,20.1.2024,0.0,0.0,0.0,0.0,0.0,0.0,0.0,0.0
995,995,995,995,21.1.2024,0.0,0.0,0.0,0.0,0.0,0.0,0.0,0.0
996,996,996,996,22.1.2024,0.0,0.0,0.0,0.0,0.0,0.0,0.0,0.0
997,997,997,997,23.1.2024,0.0,0.0,0.0,0.0,0.0,0.0,0.0,0.0
998,998,998,998,24.1.2024,0.0,0.0,0.0,0.0,0.0,0.0,0.0,0.0
